801,"CSI HIGH SCHOOL FOR INTERNATIONAL STUDIES","New York","New York","NY ","CSI HIGH SCHOOL FOR INTERNATIONAL STUDIES",360010305835,"NEW YORK CITY GEOGRAPHIC DISTRICT #31",3600103,"RICHMOND COUNTY",36085,"Reported 7 categories",36,"2005-2010","1986-2004","100 ESSEX DR","STATEN ISLAND","NY ",10314,NULL,"100 ESSEX DR","STATEN ISLAND","NY ",10314,NULL,7183706900,"1-Regular school","2-Local school district component of supervisory union","1-Currently operational ","2-No","?","2-No","11-City: Large","2-No","1-Yes","2-Eligible for Title I TAS provides TAS program","?",35620,"New York-Newark-Bridgeport, NY-NJ-CT-PA",408,40.580867,-74.159002,353100011047,353100010000,3613,"2-No","?",0,0,0,0,0,0,0,0,0,0,0,121,138,125,148,30
808,"CURTIS HIGH SCHOOL","New York","New York","NY ","CURTIS HIGH SCHOOL",360010301939,"NEW YORK CITY GEOGRAPHIC DISTRICT #31",3600103,"RICHMOND COUNTY",36085,"Reported 7 categories",36,"2005-2010","1986-2004","105 HAMILTON AVE","STATEN ISLAND","NY ",10301,1610,"105 HAMILTON AVE","STATEN ISLAND","NY ",10301,1610,7183901800,"1-Regular school","2-Local school district component of supervisory union","1-Currently operational ","2-No","?","2-No","11-City: Large","1-Yes","1-Yes","5-Eligible for Title I SWP provides SWP program","?",35620,"New York-Newark-Bridgeport, NY-NJ-CT-PA",408,40.644792,-74.081188,353100011450,353100010000,3613,"2-No","?",0,0,0,0,0,0,0,0,0,0,0,838,825,503,375,140
749,"CONCORD HIGH SCHOOL","New York","New York","NY ","CONCORD HIGH SCHOOL",360010300962,"NEW YORK CITY GEOGRAPHIC DISTRICT #31",3600103,"RICHMOND COUNTY",36085,"Reported 7 categories",36,"2007-2010","1986-2006","109 RHINE AVE","STATEN ISLAND","NY ",10304,NULL,"109 RHINE AVE","STATEN ISLAND","NY ",10304,NULL,7184471274,"4-Alternative/other school","2-Local school district component of supervisory union","1-Currently operational ","2-No","?","2-No","11-City: Large","1-Yes","1-Yes","5-Eligible for Title I SWP provides SWP program","?",35620,"New York-Newark-Bridgeport, NY-NJ-CT-PA",408,40.610974,-74.087178,353100011470,353100010000,3613,"2-No","?",0,0,0,0,0,0,0,0,0,0,0,30,77,64,0,11
1258,"GAYNOR MCCOWN EXPEDITIONARY LEARNING SCHOOL","New York","New York","NY ","GAYNOR MCCOWN EXPEDITIONARY LEARNING SCHOOL",360010306024,"NEW YORK CITY GEOGRAPHIC DISTRICT #31",3600103,"RICHMOND COUNTY",36085,"Reported 7 categories",36,"2008-2010","1986-2007","100 ESSEX DR","STATEN ISLAND","NY ",10314,NULL,"100 ESSEX DR","STATEN ISLAND","NY ",10314,NULL,7183706950,"1-Regular school","2-Local school district component of supervisory union","1-Currently operational ","2-No","?","2-No","11-City: Large","1-Yes","1-Yes","5-Eligible for Title I SWP provides SWP program","?",35620,"New York-Newark-Bridgeport, NY-NJ-CT-PA",408,40.580867,-74.159002,353100011064,353100010000,3613,"2-No","?",0,0,0,0,0,0,0,0,0,0,0,121,110,93,83,28
1259,"GELLER HOUSE SCHOOL","New York","New York","NY ","GELLER HOUSE SCHOOL",361407001519,"HAWTHORNE-CEDAR KNOLLS UNION FREE SCHOOL DISTRICT",3614070,"RICHMOND COUNTY",36085,"Reported 7 categories",36,"1994-2010","1986-1993","77 CHICAGO AVE","STATEN ISLAND","NY ",10305,3795,"77 CHICAGO AVE","STATEN ISLAND","NY ",10305,3795,7184427828,"2-Special education school","1-Local school district","1-Currently operational ","2-No","2-No","2-No","11-City: Large","?","2-No","6-Not eligible for either TAS or SWP","?",35620,"New York-Newark-Bridgeport, NY-NJ-CT-PA",408,40.601502,-74.069822,660803020004,660803020000,3613,"2-No","?",0,0,0,0,0,0,0,3,5,2,1,9,4,1,0,3
1725,"IS 2 GEORGE L EGBERT","New York","New York","NY ","IS 2 GEORGE L EGBERT",360010302046,"NEW YORK CITY GEOGRAPHIC DISTRICT #31",3600103,"RICHMOND COUNTY",36085,"Reported 7 categories",36,"2005-2010","1986-2004","333 MIDLAND AVE","STATEN ISLAND","NY ",10306,5199,"333 MIDLAND AVE","STATEN ISLAND","NY ",10306,5199,7189875336,"1-Regular school","2-Local school district component of supervisory union","1-Currently operational ","2-No","?","2-No","11-City: Large","1-Yes","1-Yes","5-Eligible for Title I SWP provides SWP program","?",35620,"New York-Newark-Bridgeport, NY-NJ-CT-PA",408,40.576728,-74.100587,353100010002,353100010000,3613,"2-No","?",0,0,0,0,0,0,0,0,367,321,301,0,0,0,0,62
1770,"IS 7 ELIAS BERNSTEIN","New York","New York","NY ","IS 7 ELIAS BERNSTEIN",360010301966,"NEW YORK CITY GEOGRAPHIC DISTRICT #31",3600103,"RICHMOND COUNTY",36085,"Reported 7 categories",36,"2005-2010","1986-2004","1270 HUGUENOT AVE","STATEN ISLAND","NY ",10312,5799,"1270 HUGUENOT AVE","STATEN ISLAND","NY ",10312,5799,7183562314,"1-Regular school","2-Local school district component of supervisory union","1-Currently operational ","2-No","?","2-No","11-City: Large","2-No","1-Yes","1-Eligible for Title I TAS provides no program","?",35620,"New York-Newark-Bridgeport, NY-NJ-CT-PA",408,40.52403,-74.186191,353100010007,353100010000,3613,"2-No","?",0,0,0,0,0,0,0,0,388,397,395,0,0,0,0,68
1739,"IS 24 MYRA S BARNES","New York","New York","NY ","IS 24 MYRA S BARNES",360010302120,"NEW YORK CITY GEOGRAPHIC DISTRICT #31",3600103,"RICHMOND COUNTY",36085,"Reported 7 categories",36,"2005-2010","1986-2004","225 CLEVELAND AVE","STATEN ISLAND","NY ",10308,3299,"225 CLEVELAND AVE","STATEN ISLAND","NY ",10308,3299,7183564200,"1-Regular school","2-Local school district component of supervisory union","1-Currently operational ","2-No","?","2-No","11-City: Large","2-No","1-Yes","2-Eligible for Title I TAS provides TAS program","?",35620,"New York-Newark-Bridgeport, NY-NJ-CT-PA",408,40.54539,-74.146406,353100010024,353100010000,3613,"2-No","?",0,0,0,0,0,0,0,0,454,454,487,0,0,0,0,99
1743,"IS 27 ANNING S PRALL","New York","New York","NY ","IS 27 ANNING S PRALL",360010302130,"NEW YORK CITY GEOGRAPHIC DISTRICT #31",3600103,"RICHMOND COUNTY",36085,"Reported 7 categories",36,"2005-2010","1986-2004","11 CLOVE LAKE PLACE","STATEN ISLAND","NY ",10310,2798,"11 CLOVE LAKE PL","STATEN ISLAND","NY ",10310,2798,7189818800,"1-Regular school","2-Local school district component of supervisory union","1-Currently operational ","2-No","?","2-No","11-City: Large","1-Yes","1-Yes","5-Eligible for Title I SWP provides SWP program","?",35620,"New York-Newark-Bridgeport, NY-NJ-CT-PA",408,40.628223,-74.117052,353100010027,353100010000,3613,"2-No","?",0,0,0,0,0,0,0,0,373,321,368,0,0,0,0,72
1755,"IS 34 TOTTENVILLE","New York","New York","NY ","IS 34 TOTTENVILLE",360010301970,"NEW YORK CITY GEOGRAPHIC DISTRICT #31",3600103,"RICHMOND COUNTY",36085,"Reported 7 categories",36,"2005-2010","1986-2004","528 ACADEMY AVE","STATEN ISLAND","NY ",10307,1999,"528 ACADEMY AVE","STATEN ISLAND","NY ",10307,1999,7189840772,"1-Regular school","2-Local school district component of supervisory union","1-Currently operational ","2-No","?","2-No","11-City: Large","2-No","1-Yes","1-Eligible for Title I TAS provides no program","?",35620,"New York-Newark-Bridgeport, NY-NJ-CT-PA",408,40.508327,-74.242993,353100010034,353100010000,3613,"2-No","?",0,0,0,0,0,0,0,0,362,370,364,0,0,0,0,72
1762,"IS 49 BERTHA A DREYFUS","New York","New York","NY ","IS 49 BERTHA A DREYFUS",360010302216,"NEW YORK CITY GEOGRAPHIC DISTRICT #31",3600103,"RICHMOND COUNTY",36085,"Reported 7 categories",36,"2005-2010","1986-2004","101 WARREN ST","STATEN ISLAND","NY ",10304,2501,"101 WARREN ST","STATEN ISLAND","NY ",10304,2501,7187276040,"1-Regular school","2-Local school district component of supervisory union","1-Currently operational ","2-No","?","2-No","11-City: Large","1-Yes","1-Yes","5-Eligible for Title I SWP provides SWP program","?",35620,"New York-Newark-Bridgeport, NY-NJ-CT-PA",408,40.620653,-74.081732,353100010049,353100010000,3613,"2-No","?",0,0,0,0,0,0,0,0,302,282,269,0,0,0,0,62
1764,"IS 51 EDWIN MARKHAM","New York","New York","NY ","IS 51 EDWIN MARKHAM",360010302057,"NEW YORK CITY GEOGRAPHIC DISTRICT #31",3600103,"RICHMOND COUNTY",36085,"Reported 7 categories",36,"2005-2010","1986-2004","20 HOUSTON ST","STATEN ISLAND","NY ",10302,2499,"20 HOUSTON ST","STATEN ISLAND","NY ",10302,2499,7189810502,"1-Regular school","2-Local school district component of supervisory union","1-Currently operational ","2-No","?","2-No","11-City: Large","1-Yes","1-Yes","5-Eligible for Title I SWP provides SWP program","?",35620,"New York-Newark-Bridgeport, NY-NJ-CT-PA",408,40.622694,-74.145305,353100010051,353100010000,3613,"2-No","?",0,0,0,0,0,0,0,0,283,298,316,0,0,0,0,60
1768,"IS 61 WILLIAM A MORRIS","New York","New York","NY ","IS 61 WILLIAM A MORRIS",360010301973,"NEW YORK CITY GEOGRAPHIC DISTRICT #31",3600103,"RICHMOND COUNTY",36085,"Reported 7 categories",36,"2005-2010","1986-2004","445 CASTLETON AVE","STATEN ISLAND","NY ",10301,2199,"445 CASTLETON AVE","STATEN ISLAND","NY ",10301,2199,7187278481,"1-Regular school","2-Local school district component of supervisory union","1-Currently operational ","2-No","?","2-No","11-City: Large","1-Yes","1-Yes","5-Eligible for Title I SWP provides SWP program","?",35620,"New York-Newark-Bridgeport, NY-NJ-CT-PA",408,40.634048,-74.097819,353100010061,353100010000,3613,"2-No","?",0,0,0,0,0,0,0,0,447,402,426,0,0,0,0,92
1771,"IS 72 ROCCO LAURIE","New York","New York","NY ","IS 72 ROCCO LAURIE",360010301974,"NEW YORK CITY GEOGRAPHIC DISTRICT #31",3600103,"RICHMOND COUNTY",36085,"Reported 7 categories",36,"2005-2010","1986-2004","33 FERNDALE AVE","STATEN ISLAND","NY ",10314,4899,"33 FERNDALE AVE","STATEN ISLAND","NY ",10314,4899,7186985757,"1-Regular school","2-Local school district component of supervisory union","1-Currently operational ","2-No","?","2-No","11-City: Large","1-Yes","1-Yes","5-Eligible for Title I SWP provides SWP program","?",35620,"New York-Newark-Bridgeport, NY-NJ-CT-PA",408,40.593238,-74.15869,353100010072,353100010000,3613,"2-No","?",0,0,0,0,0,0,0,0,462,465,532,0,0,0,0,97
1773,"IS 75 FRANK D PAULO","New York","New York","NY ","IS 75 FRANK D PAULO",360010304526,"NEW YORK CITY GEOGRAPHIC DISTRICT #31",3600103,"RICHMOND COUNTY",36085,"Reported 7 categories",36,"2005-2010","1986-2004","455 HUGUENOT AVE","STATEN ISLAND","NY ",10312,1160,"455 HUGUENOT AVE","STATEN ISLAND","NY ",10312,1160,7183560130,"1-Regular school","2-Local school district component of supervisory union","1-Currently operational ","2-No","?","2-No","11-City: Large","2-No","1-Yes","2-Eligible for Title I TAS provides TAS program","?",35620,"New York-Newark-Bridgeport, NY-NJ-CT-PA",408,40.543959,-74.197545,353100010075,353100010000,3613,"2-No","?",0,0,0,0,0,0,0,0,480,431,425,0,0,0,0,89
1942,"JOHN W LAVELLE PREPARATORY CHARTER SCHOOL","New York","New York","NY ","JOHN W LAVELLE PREPARATORY CHARTER SCHOOL",360099606147,"JOHN W LAVELLE PREPARATORY CHARTER SCHOOL",3600996,"RICHMOND COUNTY",36085,"Reported 7 categories",36,"2009-2010","1986-2008","280 REGIS DR","STATEN ISLAND","NY ",10314,NULL,"280 REGIS DR","STATEN ISLAND","NY ",10314,NULL,7186974250,"1-Regular school","7-Charter school agency","1-Currently operational ","1-Yes","2-No","2-No","11-City: Large","?","2-No","6-Not eligible for either TAS or SWP","?",35620,"New York-Newark-Bridgeport, NY-NJ-CT-PA",408,40.620661,-74.164464,353100860959,353100860959,3613,"2-No","?",0,0,0,0,0,0,0,0,94,97,46,0,0,0,0,21
2268,"MARSH AVENUE SCHOOL FOR EXPEDITIONARY LEARNING","New York","New York","NY ","MARSH AVENUE SCHOOL FOR EXPEDITIONARY LEARNING",360010306006,"NEW YORK CITY GEOGRAPHIC DISTRICT #31",3600103,"RICHMOND COUNTY",36085,"Reported 7 categories",36,"2008-2010","1986-2007","100 ESSEX DR","STATEN ISLAND","NY ",10314,NULL,"100 ESSEX DR","STATEN ISLAND","NY ",10314,NULL,7183706850,"1-Regular school","2-Local school district component of supervisory union","1-Currently operational ","2-No","?","2-No","11-City: Large","1-Yes","1-Yes","5-Eligible for Title I SWP provides SWP program","?",35620,"New York-Newark-Bridgeport, NY-NJ-CT-PA",408,40.580867,-74.159002,353100010063,353100010000,3613,"2-No","?",0,0,0,0,0,0,0,0,151,149,139,0,0,0,0,31
2524,"NEW DORP HIGH SCHOOL","New York","New York","NY ","NEW DORP HIGH SCHOOL",360010302035,"NEW YORK CITY GEOGRAPHIC DISTRICT #31",3600103,"RICHMOND COUNTY",36085,"Reported 7 categories",36,"2005-2010","1986-2004","465 NEW DORP LN","STATEN ISLAND","NY ",10306,4996,"465 NEW DORP LN","STATEN ISLAND","NY ",10306,4996,7186678686,"1-Regular school","2-Local school district component of supervisory union","1-Currently operational ","2-No","?","2-No","11-City: Large","1-Yes","1-Yes","5-Eligible for Title I SWP provides SWP program","?",35620,"New York-Newark-Bridgeport, NY-NJ-CT-PA",408,40.569249,-74.107238,353100011440,353100010000,3613,"2-No","?",0,0,0,0,0,0,0,0,0,0,0,887,698,657,400,138
2550,"NEW WORLD PREPARATORY CHARTER SCHOOL","New York","New York","NY ","NEW WORLD PREPARATORY CHARTER SCHOOL",360101906215,"NEW WORLD PREPARATORY CHARTER SCHOOL",3601019,"RICHMOND COUNTY",36085,"Reported 7 categories",36,2010,"1986-2009","26 SHAPE AVE","STATEN ISLAND","NY ",10302,NULL,"26 SHAPE AVE","STATEN ISLAND","NY ",10302,NULL,6464688906,"1-Regular school","7-Charter school agency","3-New school","1-Yes","2-No","2-No","11-City: Large","?","2-No","6-Not eligible for either TAS or SWP","?",35620,"New York-Newark-Bridgeport, NY-NJ-CT-PA",408,40.639621,-74.136771,353100860984,353100860984,3613,"2-No","?",0,0,0,0,0,0,0,0,89,107,0,0,0,0,0,16
2929,"PS 1 TOTTENVILLE","New York","New York","NY ","PS 1 TOTTENVILLE",360010302044,"NEW YORK CITY GEOGRAPHIC DISTRICT #31",3600103,"RICHMOND COUNTY",36085,"Reported 7 categories",36,"2005-2010","1986-2004","58 SUMMIT ST","STATEN ISLAND","NY ",10307,1898,"58 SUMMIT ST","STATEN ISLAND","NY ",10307,1898,7189840960,"1-Regular school","2-Local school district component of supervisory union","1-Currently operational ","2-No","?","2-No","11-City: Large","2-No","1-Yes","1-Eligible for Title I TAS provides no program","?",35620,"New York-Newark-Bridgeport, NY-NJ-CT-PA",408,40.508991,-74.244113,353100010001,353100010000,3613,"2-No","?",0,0,90,68,89,88,84,100,0,0,0,0,0,0,0,35
2960,"PS 11 THOMAS DONGAN SCHOOL","New York","New York","NY ","PS 11 THOMAS DONGAN SCHOOL",360010302075,"NEW YORK CITY GEOGRAPHIC DISTRICT #31",3600103,"RICHMOND COUNTY",36085,"Reported 7 categories",36,"2005-2010","1986-2004","50 JEFFERSON ST","STATEN ISLAND","NY ",10304,3964,"50 JEFFERSON ST","STATEN ISLAND","NY ",10304,3964,7189791030,"1-Regular school","2-Local school district component of supervisory union","1-Currently operational ","2-No","?","2-No","11-City: Large","1-Yes","1-Yes","5-Eligible for Title I SWP provides SWP program","?",35620,"New York-Newark-Bridgeport, NY-NJ-CT-PA",408,40.590509,-74.097668,353100010011,353100010000,3613,"2-No","?",0,0,47,45,36,59,49,47,0,0,0,0,0,0,0,22
3012,"PS 13 M L LINDENMEYER","New York","New York","NY ","PS 13 M L LINDENMEYER",360010302082,"NEW YORK CITY GEOGRAPHIC DISTRICT #31",3600103,"RICHMOND COUNTY",36085,"Reported 7 categories",36,"2005-2010","1986-2004","191 VERMONT AVE","STATEN ISLAND","NY ",10305,1727,"191 VERMONT AVE","STATEN ISLAND","NY ",10305,1727,7184471462,"1-Regular school","2-Local school district component of supervisory union","1-Currently operational ","2-No","?","2-No","11-City: Large","1-Yes","1-Yes","5-Eligible for Title I SWP provides SWP program","?",35620,"New York-Newark-Bridgeport, NY-NJ-CT-PA",408,40.613152,-74.069769,353100010013,353100010000,3613,"2-No","?",0,0,132,131,133,134,116,113,0,0,0,0,0,0,0,51
3041,"PS 14 CORNELIUS VANDERBILT","New York","New York","NY ","PS 14 CORNELIUS VANDERBILT",360010302086,"NEW YORK CITY GEOGRAPHIC DISTRICT #31",3600103,"RICHMOND COUNTY",36085,"Reported 7 categories",36,"2005-2010","1986-2004","100 TOMPKINS AVE","STATEN ISLAND","NY ",10304,2627,"100 TOMPKINS AVE","STATEN ISLAND","NY ",10304,2627,7187270985,"1-Regular school","2-Local school district component of supervisory union","1-Currently operational ","2-No","?","2-No","11-City: Large","1-Yes","1-Yes","5-Eligible for Title I SWP provides SWP program","?",35620,"New York-Newark-Bridgeport, NY-NJ-CT-PA",408,40.622139,-74.078408,353100010014,353100010000,3613,"2-No","?",0,0,101,115,107,105,128,108,0,0,0,0,0,0,0,48
3096,"PS 16 JOHN J DRISCOLL","New York","New York","NY ","PS 16 JOHN J DRISCOLL",360010302090,"NEW YORK CITY GEOGRAPHIC DISTRICT #31",3600103,"RICHMOND COUNTY",36085,"Reported 7 categories",36,"2005-2010","1986-2004","80 MONROE AVE","STATEN ISLAND","NY ",10301,2494,"80 MONROE AVE","STATEN ISLAND","NY ",10301,2494,7184470124,"1-Regular school","2-Local school district component of supervisory union","1-Currently operational ","2-No","?","2-No","11-City: Large","1-Yes","1-Yes","5-Eligible for Title I SWP provides SWP program","?",35620,"New York-Newark-Bridgeport, NY-NJ-CT-PA",408,40.64,-74.079284,353100010016,353100010000,3613,"2-No","?",0,0,105,133,132,154,161,141,0,0,0,0,0,0,0,65
2899,"PORT RICHMOND HIGH SCHOOL","New York","New York","NY ","PORT RICHMOND HIGH SCHOOL",360010302850,"NEW YORK CITY GEOGRAPHIC DISTRICT #31",3600103,"RICHMOND COUNTY",36085,"Reported 7 categories",36,"2005-2010","1986-2004","85 ST JOSEPHS AVE","STATEN ISLAND","NY ",10302,1193,"85 ST JOSEPHS AVE","STATEN ISLAND","NY ",10302,1193,7184202100,"1-Regular school","2-Local school district component of supervisory union","1-Currently operational ","2-No","?","2-No","11-City: Large","1-Yes","1-Yes","5-Eligible for Title I SWP provides SWP program","?",35620,"New York-Newark-Bridgeport, NY-NJ-CT-PA",408,40.634674,-74.14185,353100011445,353100010000,3613,"2-No","?",0,0,0,0,0,0,0,0,0,0,0,910,477,335,389,116
3149,"PS 18 JOHN G WHITTIER","New York","New York","NY ","PS 18 JOHN G WHITTIER",360010302097,"NEW YORK CITY GEOGRAPHIC DISTRICT #31",3600103,"RICHMOND COUNTY",36085,"Reported 7 categories",36,"2005-2010","1986-2004","221 BROADWAY","STATEN ISLAND","NY ",10310,1395,"221 BROADWAY","STATEN ISLAND","NY ",10310,1395,7184420216,"1-Regular school","2-Local school district component of supervisory union","1-Currently operational ","2-No","?","2-No","11-City: Large","1-Yes","1-Yes","5-Eligible for Title I SWP provides SWP program","?",35620,"New York-Newark-Bridgeport, NY-NJ-CT-PA",408,40.636046,-74.117435,353100010018,353100010000,3613,"2-No","?",0,0,92,108,91,93,81,97,0,0,0,0,0,0,0,50
3178,"PS 19 THE CURTIS SCHOOL","New York","New York","NY ","PS 19 THE CURTIS SCHOOL",360010302102,"NEW YORK CITY GEOGRAPHIC DISTRICT #31",3600103,"RICHMOND COUNTY",36085,"Reported 7 categories",36,"2005-2010","1986-2004","780 POST AVE","STATEN ISLAND","NY ",10310,1998,"780 POST AVE","STATEN ISLAND","NY ",10310,1998,7184423860,"1-Regular school","2-Local school district component of supervisory union","1-Currently operational ","2-No","?","2-No","11-City: Large","1-Yes","1-Yes","5-Eligible for Title I SWP provides SWP program","?",35620,"New York-Newark-Bridgeport, NY-NJ-CT-PA",408,40.631163,-74.127113,353100010019,353100010000,3613,"2-No","?",0,0,95,77,108,101,114,99,0,0,0,0,0,0,0,39
3213,"PS 20 PORT RICHMOND","New York","New York","NY ","PS 20 PORT RICHMOND",360010302107,"NEW YORK CITY GEOGRAPHIC DISTRICT #31",3600103,"RICHMOND COUNTY",36085,"Reported 7 categories",36,"2005-2010","1986-2004","161 PARK AVE","STATEN ISLAND","NY ",10302,1451,"161 PARK AVE","STATEN ISLAND","NY ",10302,1451,7184424110,"1-Regular school","2-Local school district component of supervisory union","1-Currently operational ","2-No","?","2-No","11-City: Large","1-Yes","1-Yes","5-Eligible for Title I SWP provides SWP program","?",35620,"New York-Newark-Bridgeport, NY-NJ-CT-PA",408,40.636502,-74.132922,353100010020,353100010000,3613,"2-No","?",0,0,77,100,93,88,87,65,0,0,0,0,0,0,0,38
3238,"PS 21 MARGARET EMERY-ELM PARK","New York","New York","NY ","PS 21 MARGARET EMERY-ELM PARK",360010302110,"NEW YORK CITY GEOGRAPHIC DISTRICT #31",3600103,"RICHMOND COUNTY",36085,"Reported 7 categories",36,"2005-2010","1986-2004","168 HOOKER PLACE","STATEN ISLAND","NY ",10302,1997,"168 HOOKER PL","STATEN ISLAND","NY ",10302,1997,7184421520,"1-Regular school","2-Local school district component of supervisory union","1-Currently operational ","2-No","?","2-No","11-City: Large","1-Yes","1-Yes","5-Eligible for Title I SWP provides SWP program","?",35620,"New York-Newark-Bridgeport, NY-NJ-CT-PA",408,40.631924,-74.146777,353100010021,353100010000,3613,"2-No","?",0,0,73,81,76,94,70,74,0,0,0,0,0,0,0,34
3257,"PS 22 GRANITEVILLE","New York","New York","NY ","PS 22 GRANITEVILLE",360010302113,"NEW YORK CITY GEOGRAPHIC DISTRICT #31",3600103,"RICHMOND COUNTY",36085,"Reported 7 categories",36,"2005-2010","1986-2004","1860 FOREST AVE","STATEN ISLAND","NY ",10303,2191,"1860 FOREST AVE","STATEN ISLAND","NY ",10303,2191,7184422219,"1-Regular school","2-Local school district component of supervisory union","1-Currently operational ","2-No","?","2-No","11-City: Large","1-Yes","1-Yes","5-Eligible for Title I SWP provides SWP program","?",35620,"New York-Newark-Bridgeport, NY-NJ-CT-PA",408,40.62528,-74.151097,353100010022,353100010000,3613,"2-No","?",0,0,153,152,153,153,210,217,0,0,0,0,0,0,0,69
3277,"PS 23 RICHMONDTOWN","New York","New York","NY ","PS 23 RICHMONDTOWN",360010302118,"NEW YORK CITY GEOGRAPHIC DISTRICT #31",3600103,"RICHMOND COUNTY",36085,"Reported 7 categories",36,"2005-2010","1986-2004","30 NATICK ST","STATEN ISLAND","NY ",10306,1698,"30 NATICK ST","STATEN ISLAND","NY ",10306,1698,7183511155,"1-Regular school","2-Local school district component of supervisory union","1-Currently operational ","2-No","?","2-No","11-City: Large","2-No","1-Yes","1-Eligible for Title I TAS provides no program","?",35620,"New York-Newark-Bridgeport, NY-NJ-CT-PA",408,40.571173,-74.132393,353100010023,353100010000,3613,"2-No","?",0,0,65,90,73,87,102,82,0,0,0,0,0,0,0,32
3423,"PS 37","New York","New York","NY ","PS 37",360013502170,"NYC SPECIAL SCHOOLS - DISTRICT 75",3600135,"RICHMOND COUNTY",36085,"Reported 7 categories",36,"2005-2010","1986-2004","15 FAIRFIELD ST","STATEN ISLAND","NY ",10308,NULL,"15 FAIRFIELD ST","STATEN ISLAND","NY ",10308,NULL,7189849800,"2-Special education school","2-Local school district component of supervisory union","1-Currently operational ","2-No","?","2-No","11-City: Large","?","2-No","6-Not eligible for either TAS or SWP","?",35620,"New York-Newark-Bridgeport, NY-NJ-CT-PA",408,40.564073,-74.150834,307500015037,307500010000,3613,"2-No","?",0,0,17,7,8,5,1,0,2,1,0,0,0,0,0,99
3429,"PS 373","New York","New York","NY ","PS 373",360013500957,"NYC SPECIAL SCHOOLS - DISTRICT 75",3600135,"RICHMOND COUNTY",36085,"Reported 7 categories",36,"2005-2010","1986-2004","91 HENDERSON AVE","STATEN ISLAND","NY ",10301,NULL,"91 HENDERSON AVE","STATEN ISLAND","NY ",10301,NULL,7188168897,"2-Special education school","2-Local school district component of supervisory union","1-Currently operational ","2-No","?","2-No","11-City: Large","?","2-No","6-Not eligible for either TAS or SWP","?",35620,"New York-Newark-Bridgeport, NY-NJ-CT-PA",408,40.640743,-74.095317,307500015373,307500010000,3613,"2-No","?",0,0,17,28,35,42,32,36,10,2,0,0,0,0,0,99
3364,"PS 3 THE MARGARET GIOIOSA SCHOOL","New York","New York","NY ","PS 3 THE MARGARET GIOIOSA SCHOOL",360010302051,"NEW YORK CITY GEOGRAPHIC DISTRICT #31",3600103,"RICHMOND COUNTY",36085,"Reported 7 categories",36,"2005-2010","1986-2004","80 SOUTH GOFF AVE","STATEN ISLAND","NY ",10309,3499,"80 S GOFF AVE","STATEN ISLAND","NY ",10309,3499,7189841021,"1-Regular school","2-Local school district component of supervisory union","1-Currently operational ","2-No","?","2-No","11-City: Large","2-No","1-Yes","1-Eligible for Title I TAS provides no program","?",35620,"New York-Newark-Bridgeport, NY-NJ-CT-PA",408,40.520675,-74.211332,353100010003,353100010000,3613,"2-No","?",0,0,152,163,172,161,151,135,0,0,0,0,0,0,0,58
3449,"PS 4 MAURICE WOLLIN","New York","New York","NY ","PS 4 MAURICE WOLLIN",360010302052,"NEW YORK CITY GEOGRAPHIC DISTRICT #31",3600103,"RICHMOND COUNTY",36085,"Reported 7 categories",36,"2005-2010","1986-2004","200 NEDRA PLACE","STATEN ISLAND","NY ",10312,1707,"200 NEDRA PL","STATEN ISLAND","NY ",10312,1707,7189841197,"1-Regular school","2-Local school district component of supervisory union","1-Currently operational ","2-No","?","2-No","11-City: Large","1-Yes","1-Yes","5-Eligible for Title I SWP provides SWP program","?",35620,"New York-Newark-Bridgeport, NY-NJ-CT-PA",408,40.55313,-74.194473,353100010004,353100010000,3613,"2-No","?",0,0,127,122,125,124,145,114,0,0,0,0,0,0,0,87
3488,"PS 5 HUGUENOT","New York","New York","NY ","PS 5 HUGUENOT",360010302055,"NEW YORK CITY GEOGRAPHIC DISTRICT #31",3600103,"RICHMOND COUNTY",36085,"Reported 7 categories",36,"2005-2010","1986-2004","348 DEISIUS ST","STATEN ISLAND","NY ",10312,4499,"348 DEISIUS ST","STATEN ISLAND","NY ",10312,4499,7189842233,"1-Regular school","2-Local school district component of supervisory union","1-Currently operational ","2-No","?","2-No","11-City: Large","2-No","1-Yes","1-Eligible for Title I TAS provides no program","?",35620,"New York-Newark-Bridgeport, NY-NJ-CT-PA",408,40.530108,-74.187692,353100010005,353100010000,3613,"2-No","?",0,0,41,28,35,34,41,36,0,0,0,0,0,0,0,15
3525,"PS 6 CPL ALLAN F KIVLEHAN SCHOOL","New York","New York","NY ","PS 6 CPL ALLAN F KIVLEHAN SCHOOL",360010304816,"NEW YORK CITY GEOGRAPHIC DISTRICT #31",3600103,"RICHMOND COUNTY",36085,"Reported 7 categories",36,"2005-2010","1986-2004","555 PAGE AVE","STATEN ISLAND","NY ",10307,NULL,"555 PAGE AVE","STATEN ISLAND","NY ",10307,NULL,7183564789,"1-Regular school","2-Local school district component of supervisory union","1-Currently operational ","2-No","?","2-No","11-City: Large","2-No","1-Yes","1-Eligible for Title I TAS provides no program","?",35620,"New York-Newark-Bridgeport, NY-NJ-CT-PA",408,40.510561,-74.230898,353100010006,353100010000,3613,"2-No","?",0,0,114,126,140,138,139,117,0,0,0,0,0,0,0,52
3321,"PS 26 THE CARTERET SCHOOL","New York","New York","NY ","PS 26 THE CARTERET SCHOOL",360010302127,"NEW YORK CITY GEOGRAPHIC DISTRICT #31",3600103,"RICHMOND COUNTY",36085,"Reported 7 categories",36,"2005-2010","1986-2004","4108 VICTORY BLVD","STATEN ISLAND","NY ",10314,6743,"4108 VICTORY BLVD","STATEN ISLAND","NY ",10314,6743,7186981530,"1-Regular school","2-Local school district component of supervisory union","1-Currently operational ","2-No","?","2-No","11-City: Large","1-Yes","1-Yes","5-Eligible for Title I SWP provides SWP program","?",35620,"New York-Newark-Bridgeport, NY-NJ-CT-PA",408,40.59161,-74.190648,353100010026,353100010000,3613,"2-No","?",0,0,24,26,24,22,28,22,0,0,0,0,0,0,0,15
3351,"PS 29 BARDWELL","New York","New York","NY ","PS 29 BARDWELL",360010302137,"NEW YORK CITY GEOGRAPHIC DISTRICT #31",3600103,"RICHMOND COUNTY",36085,"Reported 7 categories",36,"2005-2010","1986-2004","1581 VICTORY BLVD","STATEN ISLAND","NY ",10314,3589,"1581 VICTORY BLVD","STATEN ISLAND","NY ",10314,3589,7184422891,"1-Regular school","2-Local school district component of supervisory union","1-Currently operational ","2-No","?","2-No","11-City: Large","1-Yes","1-Yes","5-Eligible for Title I SWP provides SWP program","?",35620,"New York-Newark-Bridgeport, NY-NJ-CT-PA",408,40.613641,-74.116131,353100010029,353100010000,3613,"2-No","?",0,0,127,132,129,147,132,89,0,0,0,0,0,0,0,46
3367,"PS 30 WESTERLEIGH","New York","New York","NY ","PS 30 WESTERLEIGH",360010302142,"NEW YORK CITY GEOGRAPHIC DISTRICT #31",3600103,"RICHMOND COUNTY",36085,"Reported 7 categories",36,"2005-2010","1986-2004","200 WARDWELL AVE","STATEN ISLAND","NY ",10314,2200,"200 WARDWELL AVE","STATEN ISLAND","NY ",10314,2200,7184420462,"1-Regular school","2-Local school district component of supervisory union","1-Currently operational ","2-No","?","2-No","11-City: Large","2-No","1-Yes","2-Eligible for Title I TAS provides TAS program","?",35620,"New York-Newark-Bridgeport, NY-NJ-CT-PA",408,40.618594,-74.13266,353100010030,353100010000,3613,"2-No","?",0,0,140,124,149,137,134,146,0,0,0,0,0,0,0,58
3379,"PS 31 WILLIAM T DAVIS","New York","New York","NY ","PS 31 WILLIAM T DAVIS",360010302146,"NEW YORK CITY GEOGRAPHIC DISTRICT #31",3600103,"RICHMOND COUNTY",36085,"Reported 7 categories",36,"2005-2010","1986-2004","55 LAYTON AVE","STATEN ISLAND","NY ",10301,1498,"55 LAYTON AVE","STATEN ISLAND","NY ",10301,1498,7182733500,"1-Regular school","2-Local school district component of supervisory union","1-Currently operational ","2-No","?","2-No","11-City: Large","1-Yes","1-Yes","5-Eligible for Title I SWP provides SWP program","?",35620,"New York-Newark-Bridgeport, NY-NJ-CT-PA",408,40.641616,-74.085363,353100010031,353100010000,3613,"2-No","?",0,0,69,60,71,87,78,96,0,0,0,0,0,0,0,43
3390,"PS 32 THE GIFFORD SCHOOL","New York","New York","NY ","PS 32 THE GIFFORD SCHOOL",360010302149,"NEW YORK CITY GEOGRAPHIC DISTRICT #31",3600103,"RICHMOND COUNTY",36085,"Reported 7 categories",36,"2005-2010","1986-2004","32 ELVERTON AVE","STATEN ISLAND","NY ",10308,1599,"32 ELVERTON AVE","STATEN ISLAND","NY ",10308,1599,7189841688,"1-Regular school","2-Local school district component of supervisory union","1-Currently operational ","2-No","?","2-No","11-City: Large","2-No","1-Yes","1-Eligible for Title I TAS provides no program","?",35620,"New York-Newark-Bridgeport, NY-NJ-CT-PA",408,40.555417,-74.15436,353100010032,353100010000,3613,"2-No","?",0,0,112,126,133,155,113,119,0,0,0,0,0,0,0,51
3414,"PS 35 THE CLOVE VALLEY SCHOOL","New York","New York","NY ","PS 35 THE CLOVE VALLEY SCHOOL",360010302159,"NEW YORK CITY GEOGRAPHIC DISTRICT #31",3600103,"RICHMOND COUNTY",36085,"Reported 7 categories",36,"2005-2010","1986-2004","60 FOOTE AVE","STATEN ISLAND","NY ",10301,4099,"60 FOOTE AVE","STATEN ISLAND","NY ",10301,4099,7184423037,"1-Regular school","2-Local school district component of supervisory union","1-Currently operational ","2-No","?","2-No","11-City: Large","1-Yes","1-Yes","5-Eligible for Title I SWP provides SWP program","?",35620,"New York-Newark-Bridgeport, NY-NJ-CT-PA",408,40.613646,-74.099667,353100010035,353100010000,3613,"2-No","?",0,0,49,65,54,61,49,64,0,0,0,0,0,0,0,24
3415,"PS 36 J C DRUMGOOLE","New York","New York","NY ","PS 36 J C DRUMGOOLE",360010302165,"NEW YORK CITY GEOGRAPHIC DISTRICT #31",3600103,"RICHMOND COUNTY",36085,"Reported 7 categories",36,"2005-2010","1986-2004","255 IONIA AVE","STATEN ISLAND","NY ",10312,3599,"255 IONIA AVE","STATEN ISLAND","NY ",10312,3599,7189841422,"1-Regular school","2-Local school district component of supervisory union","1-Currently operational ","2-No","?","2-No","11-City: Large","2-No","1-Yes","1-Eligible for Title I TAS provides no program","?",35620,"New York-Newark-Bridgeport, NY-NJ-CT-PA",408,40.54296,-74.182479,353100010036,353100010000,3613,"2-No","?",0,0,147,161,129,159,161,117,0,0,0,0,0,0,0,57
3434,"PS 38 GEORGE CROMWELL","New York","New York","NY ","PS 38 GEORGE CROMWELL",360010302171,"NEW YORK CITY GEOGRAPHIC DISTRICT #31",3600103,"RICHMOND COUNTY",36085,"Reported 7 categories",36,"2005-2010","1986-2004","421 LINCOLN AVE","STATEN ISLAND","NY ",10306,5099,"421 LINCOLN AVE","STATEN ISLAND","NY ",10306,5099,7183511225,"1-Regular school","2-Local school district component of supervisory union","1-Currently operational ","2-No","?","2-No","11-City: Large","1-Yes","1-Yes","5-Eligible for Title I SWP provides SWP program","?",35620,"New York-Newark-Bridgeport, NY-NJ-CT-PA",408,40.57566,-74.101495,353100010038,353100010000,3613,"2-No","?",0,0,52,59,67,48,60,66,0,0,0,0,0,0,0,31
3439,"PS 39 FRANCIS J MURPHY JR","New York","New York","NY ","PS 39 FRANCIS J MURPHY JR",360010302174,"NEW YORK CITY GEOGRAPHIC DISTRICT #31",3600103,"RICHMOND COUNTY",36085,"Reported 7 categories",36,"2005-2010","1986-2004","71 SAND LN","STATEN ISLAND","NY ",10305,4697,"71 SAND LN","STATEN ISLAND","NY ",10305,4697,7184474543,"1-Regular school","2-Local school district component of supervisory union","1-Currently operational ","2-No","?","2-No","11-City: Large","1-Yes","1-Yes","5-Eligible for Title I SWP provides SWP program","?",35620,"New York-Newark-Bridgeport, NY-NJ-CT-PA",408,40.597763,-74.07157,353100010039,353100010000,3613,"2-No","?",0,0,80,89,86,96,80,83,0,0,0,0,0,0,0,31
3457,"PS 41 NEW DORP","New York","New York","NY ","PS 41 NEW DORP",360010302186,"NEW YORK CITY GEOGRAPHIC DISTRICT #31",3600103,"RICHMOND COUNTY",36085,"Reported 7 categories",36,"2005-2010","1986-2004","216 CLAWSON ST","STATEN ISLAND","NY ",10306,3198,"216 CLAWSON ST","STATEN ISLAND","NY ",10306,3198,7183516777,"1-Regular school","2-Local school district component of supervisory union","1-Currently operational ","2-No","?","2-No","11-City: Large","1-Yes","1-Yes","5-Eligible for Title I SWP provides SWP program","?",35620,"New York-Newark-Bridgeport, NY-NJ-CT-PA",408,40.574009,-74.10925,353100010041,353100010000,3613,"2-No","?",0,0,131,100,112,110,104,97,0,0,0,0,0,0,0,46
3460,"PS 42 ELTINGVILLE","New York","New York","NY ","PS 42 ELTINGVILLE",360010302189,"NEW YORK CITY GEOGRAPHIC DISTRICT #31",3600103,"RICHMOND COUNTY",36085,"Reported 7 categories",36,"2005-2010","1986-2004","380 GENESEE AVE","STATEN ISLAND","NY ",10312,3296,"380 GENESEE AVE","STATEN ISLAND","NY ",10312,3296,7189843800,"1-Regular school","2-Local school district component of supervisory union","1-Currently operational ","2-No","?","2-No","11-City: Large","2-No","1-Yes","2-Eligible for Title I TAS provides TAS program","?",35620,"New York-Newark-Bridgeport, NY-NJ-CT-PA",408,40.552434,-74.169776,353100010042,353100010000,3613,"2-No","?",0,0,156,135,146,158,165,158,0,0,0,0,0,0,0,62
3467,"PS 44 THOMAS C BROWN","New York","New York","NY ","PS 44 THOMAS C BROWN",360010302196,"NEW YORK CITY GEOGRAPHIC DISTRICT #31",3600103,"RICHMOND COUNTY",36085,"Reported 7 categories",36,"2005-2010","1986-2004","80 MAPLE PKY","STATEN ISLAND","NY ",10303,2498,"80 MAPLE PKY","STATEN ISLAND","NY ",10303,2498,7184420433,"1-Regular school","2-Local school district component of supervisory union","1-Currently operational ","2-No","?","2-No","11-City: Large","1-Yes","1-Yes","5-Eligible for Title I SWP provides SWP program","?",35620,"New York-Newark-Bridgeport, NY-NJ-CT-PA",408,40.631718,-74.156569,353100010044,353100010000,3613,"2-No","?",0,0,137,170,132,138,136,105,0,0,0,0,0,0,0,69
3470,"PS 45 JOHN TYLER","New York","New York","NY ","PS 45 JOHN TYLER",360010302201,"NEW YORK CITY GEOGRAPHIC DISTRICT #31",3600103,"RICHMOND COUNTY",36085,"Reported 7 categories",36,"2005-2010","1986-2004","58 LAWRENCE AVE","STATEN ISLAND","NY ",10310,3099,"58 LAWRENCE AVE","STATEN ISLAND","NY ",10310,3099,7184426123,"1-Regular school","2-Local school district component of supervisory union","1-Currently operational ","2-No","?","2-No","11-City: Large","1-Yes","1-Yes","5-Eligible for Title I SWP provides SWP program","?",35620,"New York-Newark-Bridgeport, NY-NJ-CT-PA",408,40.628634,-74.107216,353100010045,353100010000,3613,"2-No","?",0,0,168,154,150,157,176,159,0,0,0,0,0,0,0,65
3472,"PS 46 ALBERT V MANISCALCO","New York","New York","NY ","PS 46 ALBERT V MANISCALCO",360010302206,"NEW YORK CITY GEOGRAPHIC DISTRICT #31",3600103,"RICHMOND COUNTY",36085,"Reported 7 categories",36,"2005-2010","1986-2004","41 REID AVE","STATEN ISLAND","NY ",10305,3699,"41 REID AVE","STATEN ISLAND","NY ",10305,3699,7189875155,"1-Regular school","2-Local school district component of supervisory union","1-Currently operational ","2-No","?","2-No","11-City: Large","1-Yes","1-Yes","5-Eligible for Title I SWP provides SWP program","?",35620,"New York-Newark-Bridgeport, NY-NJ-CT-PA",408,40.593834,-74.080573,353100010046,353100010000,3613,"2-No","?",0,0,51,45,58,61,43,35,0,0,0,0,0,0,0,22
3482,"PS 48 WILLIAM C WILCOX","New York","New York","NY ","PS 48 WILLIAM C WILCOX",360010302214,"NEW YORK CITY GEOGRAPHIC DISTRICT #31",3600103,"RICHMOND COUNTY",36085,"Reported 7 categories",36,"2005-2010","1986-2004","1055 TARGEE ST","STATEN ISLAND","NY ",10304,4450,"1055 TARGEE ST","STATEN ISLAND","NY ",10304,4450,7184478323,"1-Regular school","2-Local school district component of supervisory union","1-Currently operational ","2-No","?","2-No","11-City: Large","1-Yes","1-Yes","5-Eligible for Title I SWP provides SWP program","?",35620,"New York-Newark-Bridgeport, NY-NJ-CT-PA",408,40.602283,-74.091283,353100010048,353100010000,3613,"2-No","?",0,0,110,88,93,91,91,78,0,0,0,0,0,0,0,27
3491,"PS 50 FRANK HANKINSON","New York","New York","NY ","PS 50 FRANK HANKINSON",360010302220,"NEW YORK CITY GEOGRAPHIC DISTRICT #31",3600103,"RICHMOND COUNTY",36085,"Reported 7 categories",36,"2005-2010","1986-2004","200 ADELAIDE AVE","STATEN ISLAND","NY ",10306,3999,"200 ADELAIDE AVE","STATEN ISLAND","NY ",10306,3999,7189870396,"1-Regular school","2-Local school district component of supervisory union","1-Currently operational ","2-No","?","2-No","11-City: Large","1-Yes","1-Yes","5-Eligible for Title I SWP provides SWP program","?",35620,"New York-Newark-Bridgeport, NY-NJ-CT-PA",408,40.561713,-74.124762,353100010050,353100010000,3613,"2-No","?",0,0,152,149,144,110,97,84,0,0,0,0,0,0,0,52
3500,"PS 52 JOHN C THOMPSON","New York","New York","NY ","PS 52 JOHN C THOMPSON",360010302229,"NEW YORK CITY GEOGRAPHIC DISTRICT #31",3600103,"RICHMOND COUNTY",36085,"Reported 7 categories",36,"2005-2010","1986-2004","450 BUEL AVE","STATEN ISLAND","NY ",10305,2299,"450 BUEL AVE","STATEN ISLAND","NY ",10305,2299,7183515454,"1-Regular school","2-Local school district component of supervisory union","1-Currently operational ","2-No","?","2-No","11-City: Large","1-Yes","1-Yes","5-Eligible for Title I SWP provides SWP program","?",35620,"New York-Newark-Bridgeport, NY-NJ-CT-PA",408,40.58266,-74.088458,353100010052,353100010000,3613,"2-No","?",0,0,96,98,101,103,91,90,0,0,0,0,0,0,0,50
3504,"PS 53 BAY TERRACE","New York","New York","NY ","PS 53 BAY TERRACE",360010302233,"NEW YORK CITY GEOGRAPHIC DISTRICT #31",3600103,"RICHMOND COUNTY",36085,"Reported 7 categories",36,"2005-2010","1986-2004","330 DURANT AVE","STATEN ISLAND","NY ",10308,3097,"330 DURANT AVE","STATEN ISLAND","NY ",10308,3097,7189878020,"1-Regular school","2-Local school district component of supervisory union","1-Currently operational ","2-No","?","2-No","11-City: Large","2-No","1-Yes","1-Eligible for Title I TAS provides no program","?",35620,"New York-Newark-Bridgeport, NY-NJ-CT-PA",408,40.552521,-74.137085,353100010053,353100010000,3613,"2-No","?",0,0,103,93,91,106,103,115,0,0,0,0,0,0,0,42
3505,"PS 54 CHARLES W LENG","New York","New York","NY ","PS 54 CHARLES W LENG",360010302234,"NEW YORK CITY GEOGRAPHIC DISTRICT #31",3600103,"RICHMOND COUNTY",36085,"Reported 7 categories",36,"2005-2010","1986-2004","1060 WILLOWBROOK RD","STATEN ISLAND","NY ",10314,6599,"1060 WILLOWBROOK RD","STATEN ISLAND","NY ",10314,6599,7186980600,"1-Regular school","2-Local school district component of supervisory union","1-Currently operational ","2-No","?","2-No","11-City: Large","1-Yes","1-Yes","5-Eligible for Title I SWP provides SWP program","?",35620,"New York-Newark-Bridgeport, NY-NJ-CT-PA",408,40.603189,-74.13793,353100010054,353100010000,3613,"2-No","?",0,0,141,133,137,149,130,144,0,0,0,0,0,0,0,57
3509,"PS 55 HENRY M BOEHM","New York","New York","NY ","PS 55 HENRY M BOEHM",360010302239,"NEW YORK CITY GEOGRAPHIC DISTRICT #31",3600103,"RICHMOND COUNTY",36085,"Reported 7 categories",36,"2005-2010","1986-2004","54 OSBORNE ST","STATEN ISLAND","NY ",10312,5598,"54 OSBORNE ST","STATEN ISLAND","NY ",10312,5598,7183562211,"1-Regular school","2-Local school district component of supervisory union","1-Currently operational ","2-No","?","2-No","11-City: Large","2-No","1-Yes","1-Eligible for Title I TAS provides no program","?",35620,"New York-Newark-Bridgeport, NY-NJ-CT-PA",408,40.536846,-74.163303,353100010055,353100010000,3613,"2-No","?",0,0,102,96,113,117,118,121,0,0,0,0,0,0,0,46
3514,"PS 56 THE LOUIS DESARIO SCHOOL","New York","New York","NY ","PS 56 THE LOUIS DESARIO SCHOOL",360010303394,"NEW YORK CITY GEOGRAPHIC DISTRICT #31",3600103,"RICHMOND COUNTY",36085,"Reported 7 categories",36,"2005-2010","1986-2004","250 KRAMER AVE","STATEN ISLAND","NY ",10309,NULL,"250 KRAMER AVE","STATEN ISLAND","NY ",10309,NULL,7186051189,"1-Regular school","2-Local school district component of supervisory union","1-Currently operational ","2-No","?","2-No","11-City: Large","2-No","1-Yes","2-Eligible for Title I TAS provides TAS program","?",35620,"New York-Newark-Bridgeport, NY-NJ-CT-PA",408,40.542216,-74.213919,353100010056,353100010000,3613,"2-No","?",0,0,103,117,102,144,118,124,0,0,0,0,0,0,0,43
3516,"PS 57 HUBERT H HUMPHREY","New York","New York","NY ","PS 57 HUBERT H HUMPHREY",360010302247,"NEW YORK CITY GEOGRAPHIC DISTRICT #31",3600103,"RICHMOND COUNTY",36085,"Reported 7 categories",36,"2005-2010","1986-2004","140 PALMA DR","STATEN ISLAND","NY ",10304,3432,"140 PALMA DR","STATEN ISLAND","NY ",10304,3432,7184471191,"1-Regular school","2-Local school district component of supervisory union","1-Currently operational ","2-No","?","2-No","11-City: Large","1-Yes","1-Yes","5-Eligible for Title I SWP provides SWP program","?",35620,"New York-Newark-Bridgeport, NY-NJ-CT-PA",408,40.611365,-74.082865,353100010057,353100010000,3613,"2-No","?",0,0,131,100,108,105,93,100,0,0,0,0,0,0,0,52
3528,"PS 60 ALICE AUSTEN","New York","New York","NY ","PS 60 ALICE AUSTEN",360010302257,"NEW YORK CITY GEOGRAPHIC DISTRICT #31",3600103,"RICHMOND COUNTY",36085,"Reported 7 categories",36,"2005-2010","1986-2004","55 MERRILL AVE","STATEN ISLAND","NY ",10314,3397,"55 MERRILL AVE","STATEN ISLAND","NY ",10314,3397,7187613325,"1-Regular school","2-Local school district component of supervisory union","1-Currently operational ","2-No","?","2-No","11-City: Large","1-Yes","1-Yes","5-Eligible for Title I SWP provides SWP program","?",35620,"New York-Newark-Bridgeport, NY-NJ-CT-PA",408,40.610105,-74.162016,353100010060,353100010000,3613,"2-No","?",0,0,157,172,137,153,143,143,0,0,0,0,0,0,0,62
3594,"PS 8 SHIRLEE SOLOMON","New York","New York","NY ","PS 8 SHIRLEE SOLOMON",360010302062,"NEW YORK CITY GEOGRAPHIC DISTRICT #31",3600103,"RICHMOND COUNTY",36085,"Reported 7 categories",36,"2005-2010","1986-2004","100 LINDENWOOD RD","STATEN ISLAND","NY ",10308,2798,"100 LINDENWOOD RD","STATEN ISLAND","NY ",10308,2798,7183562800,"1-Regular school","2-Local school district component of supervisory union","1-Currently operational ","2-No","?","2-No","11-City: Large","1-Yes","1-Yes","5-Eligible for Title I SWP provides SWP program","?",35620,"New York-Newark-Bridgeport, NY-NJ-CT-PA",408,40.548027,-74.152181,353100010008,353100010000,3613,"2-No","?",0,0,70,67,48,69,77,86,0,0,0,0,0,0,0,29
3543,"PS 65 THE ACADEMY OF INNOVATIVE LEARNING","New York","New York","NY ","PS 65 THE ACADEMY OF INNOVATIVE LEARNING",360010306035,"NEW YORK CITY GEOGRAPHIC DISTRICT #31",3600103,"RICHMOND COUNTY",36085,"Reported 7 categories",36,"2008-2010","1986-2007","98 GRANT ST","STATEN ISLAND","NY ",10301,NULL,"98 GRANT ST","STATEN ISLAND","NY ",10301,NULL,7189815034,"1-Regular school","2-Local school district component of supervisory union","1-Currently operational ","2-No","?","2-No","11-City: Large","1-Yes","1-Yes","5-Eligible for Title I SWP provides SWP program","?",35620,"New York-Newark-Bridgeport, NY-NJ-CT-PA",408,40.634015,-74.078705,353100010065,353100010000,3613,"2-No","?",0,0,56,58,63,84,27,0,0,0,0,0,0,0,0,20
3553,"PS 69 DANIEL D TOMPKINS","New York","New York","NY ","PS 69 DANIEL D TOMPKINS",360010302286,"NEW YORK CITY GEOGRAPHIC DISTRICT #31",3600103,"RICHMOND COUNTY",36085,"Reported 7 categories",36,"2005-2010","1986-2004","144 KEATING PLACE","STATEN ISLAND","NY ",10314,6145,"144 KEATING PL","STATEN ISLAND","NY ",10314,6145,7186986661,"1-Regular school","2-Local school district component of supervisory union","1-Currently operational ","2-No","?","2-No","11-City: Large","1-Yes","1-Yes","5-Eligible for Title I SWP provides SWP program","?",35620,"New York-Newark-Bridgeport, NY-NJ-CT-PA",408,40.591718,-74.156528,353100010069,353100010000,3613,"2-No","?",0,0,144,140,167,154,148,159,0,0,0,0,0,0,0,72
3572,"PS 74 FUTURE LEADERS ELEMENTARY SCHOOL","New York","New York","NY ","PS 74 FUTURE LEADERS ELEMENTARY SCHOOL",360010306184,"NEW YORK CITY GEOGRAPHIC DISTRICT #31",3600103,"RICHMOND COUNTY",36085,"Reported 7 categories",36,2010,"1986-2009","211 DANIEL LOW TER","STATEN ISLAND","NY ",10301,NULL,"211 DANIEL LOW TER","STATEN ISLAND","NY ",10301,NULL,7189354465,"1-Regular school","2-Local school district component of supervisory union","3-New school","2-No","?","2-No","11-City: Large","?","2-No","6-Not eligible for either TAS or SWP","?",35620,"New York-Newark-Bridgeport, NY-NJ-CT-PA",408,40.63892,-74.079828,353100010074,353100010000,3613,"2-No","?",0,0,63,48,20,0,0,0,0,0,0,0,0,0,0,13
3721,"RALPH R MCKEE CAREER AND TECHNICAL HIGH SCHOOL","New York","New York","NY ","RALPH R MCKEE CAREER AND TECHNICAL HIGH SCHOOL",360010302861,"NEW YORK CITY GEOGRAPHIC DISTRICT #31",3600103,"RICHMOND COUNTY",36085,"Reported 7 categories",36,"2005-2010","1986-2004","290 ST MARKS PLACE","STATEN ISLAND","NY ",10301,1855,"290 ST MARKS PL","STATEN ISLAND","NY ",10301,1855,7184202600,"3-Vocational school","2-Local school district component of supervisory union","1-Currently operational ","2-No","?","2-No","11-City: Large","1-Yes","1-Yes","5-Eligible for Title I SWP provides SWP program","?",35620,"New York-Newark-Bridgeport, NY-NJ-CT-PA",408,40.642808,-74.078808,353100011600,353100010000,3613,"2-No","?",0,0,0,0,0,0,0,0,0,0,0,165,229,113,145,46
4142,"SOUTH RICHMOND HIGH SCHOOL IS/PS 25","New York","New York","NY ","SOUTH RICHMOND HIGH SCHOOL IS/PS 25",360013502124,"NYC SPECIAL SCHOOLS - DISTRICT 75",3600135,"RICHMOND COUNTY",36085,"Reported 7 categories",36,"2005-2010","1986-2004","6581 HYLAN BLVD","STATEN ISLAND","NY ",10309,NULL,"6581 HYLAN BLVD","STATEN ISLAND","NY ",10309,NULL,7189841526,"2-Special education school","2-Local school district component of supervisory union","1-Currently operational ","2-No","?","2-No","11-City: Large","?","2-No","6-Not eligible for either TAS or SWP","?",35620,"New York-Newark-Bridgeport, NY-NJ-CT-PA",408,40.508833,-74.222664,307500015025,307500010000,3613,"2-No","?",0,0,0,5,7,13,13,8,54,38,57,95,84,43,51,86
4170,"SPACE SHUTTLE COLUMBIA SCHOOL","New York","New York","NY ","SPACE SHUTTLE COLUMBIA SCHOOL",360010305548,"NEW YORK CITY GEOGRAPHIC DISTRICT #31",3600103,"RICHMOND COUNTY",36085,"Reported 7 categories",36,"2003-2010","1986-2002","77 MARSH AVE","STATEN ISLAND","NY ",10314,NULL,"77 MARSH AVE","STATEN ISLAND","NY ",10314,NULL,7187612155,"1-Regular school","2-Local school district component of supervisory union","1-Currently operational ","2-No","?","2-No","11-City: Large","1-Yes","1-Yes","5-Eligible for Title I SWP provides SWP program","?",35620,"New York-Newark-Bridgeport, NY-NJ-CT-PA",408,40.583276,-74.161589,353100010058,353100010000,3613,"2-No","?",0,0,128,149,125,108,123,113,0,0,0,0,0,0,0,49
4199,"STATEN ISLAND SCHOOL OF CIVIC LEADERSHIP","New York","New York","NY ","STATEN ISLAND SCHOOL OF CIVIC LEADERSHIP",360010306149,"NEW YORK CITY GEOGRAPHIC DISTRICT #31",3600103,"RICHMOND COUNTY",36085,"Reported 7 categories",36,"2009-2010","1986-2008","280 REGIS DR","STATEN ISLAND","NY ",10314,NULL,"280 REGIS DR","STATEN ISLAND","NY ",10314,NULL,7189675250,"3-Vocational school","2-Local school district component of supervisory union","1-Currently operational ","2-No","?","2-No","11-City: Large","1-Yes","1-Yes","5-Eligible for Title I SWP provides SWP program","?",35620,"New York-Newark-Bridgeport, NY-NJ-CT-PA",408,40.620661,-74.164464,353100010861,353100010000,3613,"2-No","?",0,0,109,61,79,59,0,0,106,134,131,0,0,0,0,49
4200,"STATEN ISLAND TECHNICAL HIGH SCHOOL","New York","New York","NY ","STATEN ISLAND TECHNICAL HIGH SCHOOL",360010304186,"NEW YORK CITY GEOGRAPHIC DISTRICT #31",3600103,"RICHMOND COUNTY",36085,"Reported 7 categories",36,"2005-2010","1986-2004","485 CLAWSON ST","STATEN ISLAND","NY ",10306,4254,"485 CLAWSON ST","STATEN ISLAND","NY ",10306,4254,7186675725,"3-Vocational school","2-Local school district component of supervisory union","1-Currently operational ","2-No","?","2-No","11-City: Large","2-No","1-Yes","1-Eligible for Title I TAS provides no program","?",35620,"New York-Newark-Bridgeport, NY-NJ-CT-PA",408,40.567967,-74.115383,353100011605,353100010000,3613,"2-No","?",0,0,0,0,0,0,0,0,0,0,0,296,296,287,225,57
4198,"STATEN ISLAND COMMUNITY CHARTER SCHOOL","New York","New York","NY ","STATEN ISLAND COMMUNITY CHARTER SCHOOL",360103706228,"STATEN ISLAND COMMUNITY CHARTER SCHOOL",3601037,"RICHMOND COUNTY",36085,"Reported 7 categories",36,2010,"1986-2009","309 ST PAULS AVE","STATEN ISLAND","NY ",10304,NULL,"309 ST PAULS AVE","STATEN ISLAND","NY ",10304,NULL,3478576981,"1-Regular school","7-Charter school agency","3-New school","1-Yes","2-No","2-No","11-City: Large","?","2-No","6-Not eligible for either TAS or SWP","?",35620,"New York-Newark-Bridgeport, NY-NJ-CT-PA",408,40.630461,-74.08111,353100860964,353100860964,3613,"2-No","?",0,0,49,74,48,0,0,0,0,0,0,0,0,0,0,14
4290,"THE RICHARD H HUNGERFORD SCHOOL","New York","New York","NY ","THE RICHARD H HUNGERFORD SCHOOL",360013502864,"NYC SPECIAL SCHOOLS - DISTRICT 75",3600135,"RICHMOND COUNTY",36085,"Reported 7 categories",36,"2005-2010","1986-2004","155 TOMPKINS AVE","STATEN ISLAND","NY ",10304,NULL,"155 TOMPKINS AVE","STATEN ISLAND","NY ",10304,NULL,7182738622,"2-Special education school","2-Local school district component of supervisory union","1-Currently operational ","2-No","?","2-No","11-City: Large","?","2-No","6-Not eligible for either TAS or SWP","?",35620,"New York-Newark-Bridgeport, NY-NJ-CT-PA",408,40.620799,-74.077417,307500015721,307500010000,3613,"2-No","?",0,0,0,0,0,0,0,0,0,0,0,0,0,2,0,71
4287,"THE MICHAEL J PETRIDES SCHOOL","New York","New York","NY ","THE MICHAEL J PETRIDES SCHOOL",360010301827,"NEW YORK CITY GEOGRAPHIC DISTRICT #31",3600103,"RICHMOND COUNTY",36085,"Reported 7 categories",36,"2005-2010","1986-2004","715 OCEAN TER","STATEN ISLAND","NY ",10301,4547,"715 OCEAN TER","STATEN ISLAND","NY ",10301,4547,7188150186,"1-Regular school","2-Local school district component of supervisory union","1-Currently operational ","2-No","?","2-No","11-City: Large","1-Yes","1-Yes","5-Eligible for Title I SWP provides SWP program","?",35620,"New York-Newark-Bridgeport, NY-NJ-CT-PA",408,40.60746,-74.101525,353100011080,353100010000,3613,"2-No","?",0,0,76,75,85,83,96,96,101,94,91,133,108,133,126,63
4345,"TOTTENVILLE HIGH SCHOOL","New York","New York","NY ","TOTTENVILLE HIGH SCHOOL",360010302883,"NEW YORK CITY GEOGRAPHIC DISTRICT #31",3600103,"RICHMOND COUNTY",36085,"Reported 7 categories",36,"2005-2010","1986-2004","100 LUTEN AVE","STATEN ISLAND","NY ",10312,4299,"100 LUTEN AVE","STATEN ISLAND","NY ",10312,4299,7183562220,"1-Regular school","2-Local school district component of supervisory union","1-Currently operational ","2-No","?","2-No","11-City: Large","2-No","1-Yes","1-Eligible for Title I TAS provides no program","?",35620,"New York-Newark-Bridgeport, NY-NJ-CT-PA",408,40.528255,-74.19221,353100011455,353100010000,3613,"2-No","?",0,0,0,0,0,0,0,0,0,0,0,1006,1038,873,954,188
4230,"SUSAN E WAGNER HIGH SCHOOL","New York","New York","NY ","SUSAN E WAGNER HIGH SCHOOL",360010302878,"NEW YORK CITY GEOGRAPHIC DISTRICT #31",3600103,"RICHMOND COUNTY",36085,"Reported 7 categories",36,"2005-2010","1986-2004","1200 MANOR RD","STATEN ISLAND","NY ",10314,7098,"1200 MANOR RD","STATEN ISLAND","NY ",10314,7098,7186984200,"1-Regular school","2-Local school district component of supervisory union","1-Currently operational ","2-No","?","2-No","11-City: Large","1-Yes","1-Yes","5-Eligible for Title I SWP provides SWP program","?",35620,"New York-Newark-Bridgeport, NY-NJ-CT-PA",408,40.597722,-74.123698,353100011460,353100010000,3613,"2-No","?",0,0,0,0,0,0,0,0,0,0,0,862,826,740,681,156
