101,"ALLEN ROAD ELEMENTARY SCHOOL","New York","New York","NY ","ALLEN ROAD ELEMENTARY SCHOOL",362121002994,"NORTH SYRACUSE CENTRAL SCHOOL DISTRICT",3621210,"ONONDAGA COUNTY",36067,"Reported 7 categories",36,"1986-2010",NULL,"803 ALLEN RD","NORTH SYRACUSE","NY ",13212,1900,"803 ALLEN RD","NORTH SYRACUSE","NY ",13212,1900,3152182300,"1-Regular school","1-Local school district","1-Currently operational ","2-No","2-No","2-No","21-Suburb: Large","2-No","1-Yes","1-Eligible for Title I TAS provides no program","?",45060,"Syracuse-Auburn, NY",532,43.131888,-76.156378,420303060001,420303060000,3625,"2-No","?",0,67,11,77,88,86,90,0,0,0,0,0,0,0,0,26
254,"BELLEVUE ELEMENTARY SCHOOL","New York","New York","NY ","BELLEVUE ELEMENTARY SCHOOL",362859003846,"SYRACUSE CITY SCHOOL DISTRICT",3628590,"ONONDAGA COUNTY",36067,"Reported 7 categories",36,"1986-2010",NULL,"530 STOLP AVE","SYRACUSE","NY ",13207,1299,"530 STOLP AVE","SYRACUSE","NY ",13207,1299,3154354520,"1-Regular school","1-Local school district","1-Currently operational ","2-No","2-No","2-No","12-City: Mid-size","1-Yes","1-Yes","5-Eligible for Title I SWP provides SWP program","?",45060,"Syracuse-Auburn, NY",532,43.030211,-76.172549,421800010004,421800010000,3625,"2-No","?",0,0,72,66,71,63,70,65,0,0,0,0,0,0,0,33
328,"BREWERTON ELEMENTARY SCHOOL","New York","New York","NY ","BREWERTON ELEMENTARY SCHOOL",360690000479,"CENTRAL SQUARE CENTRAL SCHOOL DISTRICT",3606900,"ONONDAGA COUNTY",36067,"Reported 7 categories",36,"1986-2010",NULL,"9530 BREWERTON RD","BREWERTON","NY ",13029,9788,"9530 BREWERTON RD","BREWERTON","NY ",13029,9788,3156684201,"1-Regular school","1-Local school district","1-Currently operational ","2-No","2-No","2-No","21-Suburb: Large","2-No","1-Yes","1-Eligible for Title I TAS provides no program","?",45060,"Syracuse-Auburn, NY",532,43.22995,-76.139018,460801060002,460801060000,3625,"2-No","?",0,0,76,64,77,68,75,82,0,0,0,0,0,0,0,27
496,"CAMILLUS MIDDLE SCHOOL","New York","New York","NY ","CAMILLUS MIDDLE SCHOOL",363063004111,"WEST GENESEE CENTRAL SCHOOL DISTRICT",3630630,"ONONDAGA COUNTY",36067,"Reported 7 categories",36,"1986-2010",NULL,"5525 IKE DIXON RD","CAMILLUS","NY ",13031,9621,"5525 IKE DIXON RD","CAMILLUS","NY ",13031,9621,3156723159,"1-Regular school","1-Local school district","1-Currently operational ","2-No","2-No","2-No","41-Rural: Fringe","2-No","1-Yes","1-Eligible for Title I TAS provides no program","?",45060,"Syracuse-Auburn, NY",532,43.037426,-76.334821,420101060011,420101060000,3625,"2-No","?",0,0,0,0,0,0,0,0,179,177,161,0,0,0,0,38
658,"CICERO ELEMENTARY SCHOOL","New York","New York","NY ","CICERO ELEMENTARY SCHOOL",362121002996,"NORTH SYRACUSE CENTRAL SCHOOL DISTRICT",3621210,"ONONDAGA COUNTY",36067,"Reported 7 categories",36,"1986-2010",NULL,"5979ROUTE 31","CICERO","NY ",13039,8890,"5979 RT 31","CICERO","NY ",13039,8890,3152182500,"1-Regular school","1-Local school district","1-Currently operational ","2-No","2-No","2-No","21-Suburb: Large","2-No","1-Yes","1-Eligible for Title I TAS provides no program","?",45060,"Syracuse-Auburn, NY",532,43.176108,-76.105871,420303060003,420303060000,3625,"2-No","?",0,114,6,110,121,122,122,0,0,0,0,0,0,0,0,36
659,"CICERO-NORTH SYRACUSE HIGH SCHOOL","New York","New York","NY ","CICERO-NORTH SYRACUSE HIGH SCHOOL",362121002997,"NORTH SYRACUSE CENTRAL SCHOOL DISTRICT",3621210,"ONONDAGA COUNTY",36067,"Reported 7 categories",36,"1986-2010",NULL,"6002ROUTE 31","CICERO","NY ",13039,8891,"6002 RT 31","CICERO","NY ",13039,8891,3152184100,"1-Regular school","1-Local school district","1-Currently operational ","2-No","2-No","2-No","21-Suburb: Large","2-No","1-Yes","1-Eligible for Title I TAS provides no program","?",45060,"Syracuse-Auburn, NY",532,43.17607,-76.104386,420303060014,420303060000,3625,"2-No","?",0,0,0,0,0,0,0,0,0,0,0,0,774,737,725,144
636,"CHERRY ROAD ELEMENTARY SCHOOL","New York","New York","NY ","CHERRY ROAD ELEMENTARY SCHOOL",360732000521,"WESTHILL CENTRAL SCHOOL DISTRICT",3607320,"ONONDAGA COUNTY",36067,"Reported 7 categories",36,"1986-2010",NULL,"201 CHERRY RD","SYRACUSE","NY ",13219,1537,"201 CHERRY RD","SYRACUSE","NY ",13219,1537,3154263300,"1-Regular school","1-Local school district","1-Currently operational ","2-No","2-No","2-No","21-Suburb: Large","2-No","1-Yes","2-Eligible for Title I TAS provides TAS program","?",45060,"Syracuse-Auburn, NY",532,43.044606,-76.211626,420701060002,420701060000,3625,"2-No","?",0,0,0,0,0,128,144,0,0,0,0,0,0,0,0,19
473,"C GRANT GRIMSHAW SCHOOL","New York","New York","NY ","C GRANT GRIMSHAW SCHOOL",361641001447,"LAFAYETTE CENTRAL SCHOOL DISTRICT",3616410,"ONONDAGA COUNTY",36067,"Reported 7 categories",36,"1986-2010",NULL,"5957ROUTE 20W","LAFAYETTE","NY ",13084,9701,"5957 RT 20W","LAFAYETTE","NY ",13084,9701,3156773152,"1-Regular school","1-Local school district","1-Currently operational ","2-No","2-No","2-No","41-Rural: Fringe","2-No","1-Yes","2-Eligible for Title I TAS provides TAS program","?",45060,"Syracuse-Auburn, NY",532,42.893336,-76.108319,420807040004,420807040000,3625,"2-No","?",0,0,56,47,53,53,50,55,52,0,0,0,0,0,0,35
549,"CATHERINE M MCNAMARA ELEMENTARY SCHOOL","New York","New York","NY ","CATHERINE M MCNAMARA ELEMENTARY SCHOOL",360387000139,"BALDWINSVILLE CENTRAL SCHOOL DISTRICT",3603870,"ONONDAGA COUNTY",36067,"Reported 7 categories",36,"1986-2010",NULL,"7344 O'BRIEN RD","BALDWINSVILLE","NY ",13027,8720,"7344 O'BRIEN RD","BALDWINSVILLE","NY ",13027,8720,3156386130,"1-Regular school","1-Local school district","1-Currently operational ","2-No","2-No","2-No","21-Suburb: Large","1-Yes","1-Yes","5-Eligible for Title I SWP provides SWP program","?",45060,"Syracuse-Auburn, NY",532,43.124982,-76.299966,420901060003,420901060000,3625,"2-No","?",0,79,0,113,86,91,116,114,0,0,0,0,0,0,0,34
604,"CHARLES W BAKER HIGH SCHOOL","New York","New York","NY ","CHARLES W BAKER HIGH SCHOOL",360387000140,"BALDWINSVILLE CENTRAL SCHOOL DISTRICT",3603870,"ONONDAGA COUNTY",36067,"Reported 7 categories",36,"1986-2010",NULL,"29 EAST ONEIDA ST","BALDWINSVILLE","NY ",13027,2481,"29 E ONEIDA ST","BALDWINSVILLE","NY ",13027,2481,3156386008,"1-Regular school","1-Local school district","1-Currently operational ","2-No","2-No","2-No","21-Suburb: Large","1-Yes","1-Yes","5-Eligible for Title I SWP provides SWP program","?",45060,"Syracuse-Auburn, NY",532,43.162469,-76.330329,420901060007,420901060000,3625,"2-No","?",0,0,0,0,0,0,0,0,0,0,0,0,443,464,475,91
476,"C S DRIVER MIDDLE SCHOOL","New York","New York","NY ","C S DRIVER MIDDLE SCHOOL",361848001662,"MARCELLUS CENTRAL SCHOOL DISTRICT",3618480,"ONONDAGA COUNTY",36067,"Reported 7 categories",36,"1986-2010",NULL,"2 REED PKY","MARCELLUS","NY ",13108,1199,"2 REED PKY","MARCELLUS","NY ",13108,1199,3156730219,"1-Regular school","1-Local school district","1-Currently operational ","2-No","2-No","2-No","21-Suburb: Large","2-No","1-Yes","2-Eligible for Title I TAS provides TAS program","?",45060,"Syracuse-Auburn, NY",532,42.986787,-76.340845,421101060004,421101060000,3625,"2-No","?",0,0,0,0,0,0,137,135,153,164,162,0,0,0,0,57
643,"CHESTNUT HILL MIDDLE SCHOOL","New York","New York","NY ","CHESTNUT HILL MIDDLE SCHOOL",361752001560,"LIVERPOOL CENTRAL SCHOOL DISTRICT",3617520,"ONONDAGA COUNTY",36067,"Reported 7 categories",36,"1986-2010",NULL,"204 SASLON PARK DR","LIVERPOOL","NY ",13088,6498,"204 SASLON PARK DR","LIVERPOOL","NY ",13088,6498,3154530245,"1-Regular school","1-Local school district","1-Currently operational ","2-No","2-No","2-No","21-Suburb: Large","2-No","1-Yes","2-Eligible for Title I TAS provides TAS program","?",45060,"Syracuse-Auburn, NY",532,43.095054,-76.180276,421501060002,421501060000,3625,"2-No","?",0,0,0,0,0,0,0,0,0,152,170,0,0,0,0,27
642,"CHESTNUT HILL ELEMENTARY SCHOOL","New York","New York","NY ","CHESTNUT HILL ELEMENTARY SCHOOL",361752001559,"LIVERPOOL CENTRAL SCHOOL DISTRICT",3617520,"ONONDAGA COUNTY",36067,"Reported 7 categories",36,"1986-2010",NULL,"200 SASLON PARK DR","LIVERPOOL","NY ",13088,6499,"200 SASLON PARK DR","LIVERPOOL","NY ",13088,6499,3154530242,"1-Regular school","1-Local school district","1-Currently operational ","2-No","2-No","2-No","21-Suburb: Large","1-Yes","1-Yes","5-Eligible for Title I SWP provides SWP program","?",45060,"Syracuse-Auburn, NY",532,43.095152,-76.180148,421501060009,421501060000,3625,"2-No","?",0,0,45,44,53,43,58,33,48,0,0,0,0,0,0,25
869,"DONALD S RAY SCHOOL","New York","New York","NY ","DONALD S RAY SCHOOL",360387000141,"BALDWINSVILLE CENTRAL SCHOOL DISTRICT",3603870,"ONONDAGA COUNTY",36067,"Reported 7 categories",36,"1986-2010",NULL,"7650 VAN BUREN RD","BALDWINSVILLE","NY ",13027,9712,"7650 VAN BUREN RD","BALDWINSVILLE","NY ",13027,9712,3156386106,"1-Regular school","1-Local school district","1-Currently operational ","2-No","2-No","2-No","21-Suburb: Large","1-Yes","1-Yes","5-Eligible for Title I SWP provides SWP program","?",45060,"Syracuse-Auburn, NY",532,43.139673,-76.323192,420901060009,420901060000,3625,"2-No","?",0,0,0,0,0,0,0,0,462,506,0,0,0,0,0,66
870,"DONLIN DRIVE ELEMENTARY SCHOOL","New York","New York","NY ","DONLIN DRIVE ELEMENTARY SCHOOL",361752001562,"LIVERPOOL CENTRAL SCHOOL DISTRICT",3617520,"ONONDAGA COUNTY",36067,"Reported 7 categories",36,"1986-2010",NULL,"299 DONLIN DR","LIVERPOOL","NY ",13088,5499,"299 DONLIN DR","LIVERPOOL","NY ",13088,5499,3154530249,"1-Regular school","1-Local school district","1-Currently operational ","2-No","2-No","2-No","21-Suburb: Large","2-No","1-Yes","2-Eligible for Title I TAS provides TAS program","?",45060,"Syracuse-Auburn, NY",532,43.112447,-76.173838,421501060016,421501060000,3625,"2-No","?",0,0,88,64,68,68,46,51,51,0,0,0,0,0,0,33
682,"CLARY MIDDLE SCHOOL","New York","New York","NY ","CLARY MIDDLE SCHOOL",362859003849,"SYRACUSE CITY SCHOOL DISTRICT",3628590,"ONONDAGA COUNTY",36067,"Reported 7 categories",36,"1986-2010",NULL,"100 AMIDON DR","SYRACUSE","NY ",13205,2788,"100 AMIDON DR","SYRACUSE","NY ",13205,2788,3154354411,"1-Regular school","1-Local school district","1-Currently operational ","2-No","2-No","2-No","12-City: Mid-size","1-Yes","1-Yes","5-Eligible for Title I SWP provides SWP program","?",45060,"Syracuse-Auburn, NY",532,42.996691,-76.143894,421800010003,421800010000,3625,"2-No","?",0,0,0,0,0,0,0,0,153,112,129,0,0,0,0,36
882,"DR KING ELEMENTARY SCHOOL","New York","New York","NY ","DR KING ELEMENTARY SCHOOL",362859003854,"SYRACUSE CITY SCHOOL DISTRICT",3628590,"ONONDAGA COUNTY",36067,"Reported 7 categories",36,"1986-2010",NULL,"416 EAST RAYNOR AVE","SYRACUSE","NY ",13202,1197,"416 E RAYNOR AVE","SYRACUSE","NY ",13202,1197,3154354580,"1-Regular school","1-Local school district","1-Currently operational ","2-No","2-No","2-No","12-City: Mid-size","1-Yes","1-Yes","5-Eligible for Title I SWP provides SWP program","?",45060,"Syracuse-Auburn, NY",532,43.035555,-76.144333,421800010018,421800010000,3625,"2-No","?",0,0,107,92,94,93,81,80,0,0,0,0,0,0,0,40
818,"DANFORTH MIDDLE SCHOOL","New York","New York","NY ","DANFORTH MIDDLE SCHOOL",362859003851,"SYRACUSE CITY SCHOOL DISTRICT",3628590,"ONONDAGA COUNTY",36067,"Reported 7 categories",36,"1986-2010",NULL,"309 WEST BRIGHTON AVE","SYRACUSE","NY ",13205,1699,"309 W BRIGHTON AVE","SYRACUSE","NY ",13205,1699,3154354535,"1-Regular school","1-Local school district","1-Currently operational ","2-No","2-No","2-No","12-City: Mid-size","1-Yes","1-Yes","5-Eligible for Title I SWP provides SWP program","?",45060,"Syracuse-Auburn, NY",532,43.019944,-76.149446,421800010020,421800010000,3625,"2-No","?",0,0,0,0,0,0,0,0,183,162,169,0,0,0,0,43
765,"CORCORAN HIGH SCHOOL","New York","New York","NY ","CORCORAN HIGH SCHOOL",362859003850,"SYRACUSE CITY SCHOOL DISTRICT",3628590,"ONONDAGA COUNTY",36067,"Reported 7 categories",36,"1986-2010",NULL,"919 GLENWOOD AVE","SYRACUSE","NY ",13207,1598,"919 GLENWOOD AVE","SYRACUSE","NY ",13207,1598,3154354321,"1-Regular school","1-Local school district","1-Currently operational ","2-No","2-No","2-No","12-City: Mid-size","?","2-No","6-Not eligible for either TAS or SWP","?",45060,"Syracuse-Auburn, NY",532,43.019368,-76.174227,421800010033,421800010000,3625,"2-No","?",0,0,0,0,0,0,0,0,0,0,0,437,325,263,239,87
836,"DELAWARE ACADEMY","New York","New York","NY ","DELAWARE ACADEMY",362859003852,"SYRACUSE CITY SCHOOL DISTRICT",3628590,"ONONDAGA COUNTY",36067,"Reported 7 categories",36,"1986-2010",NULL,"900 SOUTH GEDDES ST","SYRACUSE","NY ",13204,3826,"900 S GEDDES ST","SYRACUSE","NY ",13204,3826,3154354540,"1-Regular school","1-Local school district","1-Currently operational ","2-No","2-No","2-No","12-City: Mid-size","1-Yes","1-Yes","5-Eligible for Title I SWP provides SWP program","?",45060,"Syracuse-Auburn, NY",532,43.039095,-76.172829,421800010041,421800010000,3625,"2-No","?",0,0,89,66,79,76,78,73,0,0,0,0,0,0,0,40
888,"DR WEEKS ELEMENTARY SCHOOL","New York","New York","NY ","DR WEEKS ELEMENTARY SCHOOL",362859003853,"SYRACUSE CITY SCHOOL DISTRICT",3628590,"ONONDAGA COUNTY",36067,"Reported 7 categories",36,"1986-2010",NULL,"710 HAWLEY AVE","SYRACUSE","NY ",13203,2995,"710 HAWLEY AVE","SYRACUSE","NY ",13203,2995,3154354097,"1-Regular school","1-Local school district","1-Currently operational ","2-No","2-No","2-No","12-City: Mid-size","1-Yes","1-Yes","5-Eligible for Title I SWP provides SWP program","?",45060,"Syracuse-Auburn, NY",532,43.055154,-76.133114,421800010052,421800010000,3625,"2-No","?",0,0,142,118,117,108,110,117,0,0,0,0,0,0,0,48
944,"EAST HILL ELEMENTARY SCHOOL","New York","New York","NY ","EAST HILL ELEMENTARY SCHOOL",363063004112,"WEST GENESEE CENTRAL SCHOOL DISTRICT",3630630,"ONONDAGA COUNTY",36067,"Reported 7 categories",36,"1986-2010",NULL,"401 BLACKMORE RD","CAMILLUS","NY ",13031,2199,"401 BLACKMORE RD","CAMILLUS","NY ",13031,2199,3154874648,"1-Regular school","1-Local school district","1-Currently operational ","2-No","2-No","2-No","21-Suburb: Large","2-No","1-Yes","2-Eligible for Title I TAS provides TAS program","?",45060,"Syracuse-Auburn, NY",532,43.034267,-76.284631,420101060001,420101060000,3625,"2-No","?",0,58,1,71,70,58,92,76,0,0,0,0,0,0,0,28
971,"EAST SYRACUSE ELEMENTARY SCHOOL","New York","New York","NY ","EAST SYRACUSE ELEMENTARY SCHOOL",360999000774,"EAST SYRACUSE-MINOA CENTRAL SCHOOL DISTRICT",3609990,"ONONDAGA COUNTY",36067,"Reported 7 categories",36,"1986-2010",NULL,"230 KINNE ST","EAST SYRACUSE","NY ",13057,2299,"230 KINNE ST","EAST SYRACUSE","NY ",13057,2299,3154343850,"1-Regular school","1-Local school district","1-Currently operational ","2-No","2-No","2-No","21-Suburb: Large","1-Yes","1-Yes","3-Eligible for Title I SWP provides TAS program","?",45060,"Syracuse-Auburn, NY",532,43.0686,-76.076809,420401060003,420401060000,3625,"2-No","?",0,0,62,59,66,54,43,64,0,0,0,0,0,0,0,31
972,"EAST SYRACUSE-MINOA CENTRAL HIGH SCHOOL","New York","New York","NY ","EAST SYRACUSE-MINOA CENTRAL HIGH SCHOOL",360999000772,"EAST SYRACUSE-MINOA CENTRAL SCHOOL DISTRICT",3609990,"ONONDAGA COUNTY",36067,"Reported 7 categories",36,"1986-2010",NULL,"6400 FREMONT RD","EAST SYRACUSE","NY ",13057,9409,"6400 FREMONT RD","EAST SYRACUSE","NY ",13057,9409,3154343300,"1-Regular school","1-Local school district","1-Currently operational ","2-No","2-No","2-No","41-Rural: Fringe","2-No","1-Yes","1-Eligible for Title I TAS provides no program","?",45060,"Syracuse-Auburn, NY",532,43.081002,-76.028398,420401060005,420401060000,3625,"2-No","?",0,0,0,0,0,0,0,0,0,0,0,262,296,263,304,104
1009,"ELBRIDGE ELEMENTARY SCHOOL","New York","New York","NY ","ELBRIDGE ELEMENTARY SCHOOL",361599001385,"JORDAN-ELBRIDGE CENTRAL SCHOOL DISTRICT",3615990,"ONONDAGA COUNTY",36067,"Reported 7 categories",36,"1986-2010",NULL,"130 EAST MAIN ST","ELBRIDGE","NY ",13060,170,"PO BOX 170","ELBRIDGE","NY ",13060,170,3156898540,"1-Regular school","1-Local school district","1-Currently operational ","2-No","1-Yes","2-No","41-Rural: Fringe","2-No","1-Yes","2-Eligible for Title I TAS provides TAS program","?",45060,"Syracuse-Auburn, NY",532,43.034844,-76.445643,420501060001,420501060000,3625,"2-No","?",0,0,105,93,119,98,0,0,0,0,0,0,0,0,0,31
1085,"FABIUS-POMPEY ELEMENTARY SCHOOL","New York","New York","NY ","FABIUS-POMPEY ELEMENTARY SCHOOL",361086000856,"FABIUS-POMPEY CENTRAL SCHOOL DISTRICT",3610860,"ONONDAGA COUNTY",36067,"Reported 7 categories",36,"1986-2010",NULL,"7800 MAIN ST","FABIUS","NY ",13063,8721,"PO BOX 163","FABIUS","NY ",13063,8721,3156835857,"1-Regular school","1-Local school district","1-Currently operational ","2-No","2-No","2-No","42-Rural: Distant","2-No","1-Yes","2-Eligible for Title I TAS provides TAS program","?",45060,"Syracuse-Auburn, NY",532,42.834943,-75.986617,420601040001,420601040000,3625,"2-No","?",0,0,46,43,65,41,49,58,0,0,0,0,0,0,0,27
1086,"FABIUS-POMPEY MIDDLE SCHOOL HIGH SCHOOL","New York","New York","NY ","FABIUS-POMPEY MIDDLE SCHOOL HIGH SCHOOL",361086004440,"FABIUS-POMPEY CENTRAL SCHOOL DISTRICT",3610860,"ONONDAGA COUNTY",36067,"Reported 7 categories",36,"1986-2010",NULL,"1211 MILL ST","FABIUS","NY ",13063,8719,"PO BOX 161","FABIUS","NY ",13063,8719,3156835811,"1-Regular school","1-Local school district","1-Currently operational ","2-No","2-No","2-No","42-Rural: Distant","2-No","1-Yes","2-Eligible for Title I TAS provides TAS program","?",45060,"Syracuse-Auburn, NY",532,42.830336,-75.984924,420601040003,420601040000,3625,"2-No","?",0,0,0,0,0,0,0,0,56,66,69,55,76,64,70,46
1106,"FAYETTEVILLE ELEMENTARY SCHOOL","New York","New York","NY ","FAYETTEVILLE ELEMENTARY SCHOOL",361833001655,"FAYETTEVILLE-MANLIUS CENTRAL SCHOOL DISTRICT",3618330,"ONONDAGA COUNTY",36067,"Reported 7 categories",36,"1986-2010",NULL,"704 SOUTH MANLIUS ST","FAYETTEVILLE","NY ",13066,2598,"704 S MANLIUS ST","FAYETTEVILLE","NY ",13066,2598,3156921600,"1-Regular school","1-Local school district","1-Currently operational ","2-No","2-No","2-No","21-Suburb: Large","2-No","1-Yes","2-Eligible for Title I TAS provides TAS program","?",45060,"Syracuse-Auburn, NY",532,43.022493,-75.999385,421001060001,421001060000,3625,"2-No","?",0,71,0,91,93,111,109,0,0,0,0,0,0,0,0,31
1107,"FAYETTEVILLE-MANLIUS SENIOR HIGH SCHOOL","New York","New York","NY ","FAYETTEVILLE-MANLIUS SENIOR HIGH SCHOOL",361833001656,"FAYETTEVILLE-MANLIUS CENTRAL SCHOOL DISTRICT",3618330,"ONONDAGA COUNTY",36067,"Reported 7 categories",36,"1986-2010",NULL,"8201 EAST SENECA TURNPIKE","MANLIUS","NY ",13104,2139,"8201 E SENECA TPKE","MANLIUS","NY ",13104,2139,3156921900,"1-Regular school","1-Local school district","1-Currently operational ","2-No","2-No","2-No","41-Rural: Fringe","2-No","1-Yes","1-Eligible for Title I TAS provides no program","?",45060,"Syracuse-Auburn, NY",532,43.007397,-75.959732,421001060002,421001060000,3625,"2-No","?",0,0,0,0,0,0,0,0,0,0,0,352,433,367,406,108
922,"EAGLE HILL MIDDLE SCHOOL","New York","New York","NY ","EAGLE HILL MIDDLE SCHOOL",361833001653,"FAYETTEVILLE-MANLIUS CENTRAL SCHOOL DISTRICT",3618330,"ONONDAGA COUNTY",36067,"Reported 7 categories",36,"1986-2010",NULL,"4645 ENDERS RD","MANLIUS","NY ",13104,9782,"4645 ENDERS RD","MANLIUS","NY ",13104,9782,3156921400,"1-Regular school","1-Local school district","1-Currently operational ","2-No","2-No","2-No","21-Suburb: Large","2-No","1-Yes","1-Eligible for Title I TAS provides no program","?",45060,"Syracuse-Auburn, NY",532,42.996185,-75.955513,421001060005,421001060000,3625,"2-No","?",0,0,0,0,0,0,0,154,179,188,188,0,0,0,0,55
1046,"ENDERS ROAD ELEMENTARY SCHOOL","New York","New York","NY ","ENDERS ROAD ELEMENTARY SCHOOL",361833001654,"FAYETTEVILLE-MANLIUS CENTRAL SCHOOL DISTRICT",3618330,"ONONDAGA COUNTY",36067,"Reported 7 categories",36,"1986-2010",NULL,"4725 ENDERS RD","MANLIUS","NY ",13104,8700,"4725 ENDERS RD","MANLIUS","NY ",13104,8700,3156921500,"1-Regular school","1-Local school district","1-Currently operational ","2-No","2-No","2-No","21-Suburb: Large","2-No","1-Yes","1-Eligible for Title I TAS provides no program","?",45060,"Syracuse-Auburn, NY",532,43.000016,-75.955801,421001060008,421001060000,3625,"2-No","?",0,73,0,115,95,117,127,0,0,0,0,0,0,0,0,33
1028,"ELMCREST ELEMENTARY SCHOOL","New York","New York","NY ","ELMCREST ELEMENTARY SCHOOL",361752001563,"LIVERPOOL CENTRAL SCHOOL DISTRICT",3617520,"ONONDAGA COUNTY",36067,"Reported 7 categories",36,"1986-2010",NULL,"350 WOODSPATH RD","LIVERPOOL","NY ",13090,2899,"350 WOODSPATH RD","LIVERPOOL","NY ",13090,2899,3154531252,"1-Regular school","1-Local school district","1-Currently operational ","2-No","2-No","2-No","21-Suburb: Large","2-No","1-Yes","2-Eligible for Title I TAS provides TAS program","?",45060,"Syracuse-Auburn, NY",532,43.13105,-76.236498,421501060004,421501060000,3625,"2-No","?",0,0,71,85,60,84,87,69,74,0,0,0,0,0,0,37
999,"EDWARD SMITH K-8 SCHOOL","New York","New York","NY ","EDWARD SMITH K-8 SCHOOL",362859003856,"SYRACUSE CITY SCHOOL DISTRICT",3628590,"ONONDAGA COUNTY",36067,"Reported 7 categories",36,"1986-2010",NULL,"1106 LANCASTER AVE","SYRACUSE","NY ",13210,3397,"1106 LANCASTER AVE","SYRACUSE","NY ",13210,3397,3154354650,"1-Regular school","1-Local school district","1-Currently operational ","2-No","2-No","2-No","12-City: Mid-size","1-Yes","1-Yes","5-Eligible for Title I SWP provides SWP program","?",45060,"Syracuse-Auburn, NY",532,43.030091,-76.122352,421800010008,421800010000,3625,"2-No","?",0,0,78,73,77,71,83,84,60,72,79,0,0,0,0,59
1034,"ELMWOOD ELEMENTARY SCHOOL","New York","New York","NY ","ELMWOOD ELEMENTARY SCHOOL",362859003857,"SYRACUSE CITY SCHOOL DISTRICT",3628590,"ONONDAGA COUNTY",36067,"Reported 7 categories",36,"1986-2010",NULL,"1728 SOUTH AVE","SYRACUSE","NY ",13207,2096,"1728 SOUTH AVE","SYRACUSE","NY ",13207,2096,3154354545,"1-Regular school","1-Local school district","1-Currently operational ","2-No","2-No","2-No","12-City: Mid-size","1-Yes","1-Yes","5-Eligible for Title I SWP provides SWP program","?",45060,"Syracuse-Auburn, NY",532,43.020417,-76.159862,421800010029,421800010000,3625,"2-No","?",0,0,66,62,68,58,62,53,0,0,0,0,0,0,0,27
1076,"EXPEDITIONARY LEARNING MIDDLE SCHOOL","New York","New York","NY ","EXPEDITIONARY LEARNING MIDDLE SCHOOL",362859006134,"SYRACUSE CITY SCHOOL DISTRICT",3628590,"ONONDAGA COUNTY",36067,"Reported 7 categories",36,"2009-2010","1986-2008","4942 SOUTH SALINA ST","SYRACUSE","NY ",13210,NULL,"4942 S SALINA ST","SYRACUSE","NY ",13210,NULL,3154356416,"1-Regular school","1-Local school district","1-Currently operational ","2-No","2-No","2-No","12-City: Mid-size","?","2-No","6-Not eligible for either TAS or SWP","?",45060,"Syracuse-Auburn, NY",532,42.996753,-76.143355,421800010058,421800010000,3625,"2-No","?",0,0,0,0,0,0,0,0,46,45,37,0,0,0,0,9
1303,"GILLETTE ROAD MIDDLE SCHOOL","New York","New York","NY ","GILLETTE ROAD MIDDLE SCHOOL",362121002998,"NORTH SYRACUSE CENTRAL SCHOOL DISTRICT",3621210,"ONONDAGA COUNTY",36067,"Reported 7 categories",36,"1986-2010",NULL,"6150 SOUTH BAY RD","CICERO","NY ",13039,9310,"6150 S BAY RD","CICERO","NY ",13039,9310,3152183000,"1-Regular school","1-Local school district","1-Currently operational ","2-No","2-No","2-No","21-Suburb: Large","2-No","1-Yes","1-Eligible for Title I TAS provides no program","?",45060,"Syracuse-Auburn, NY",532,43.161408,-76.096938,420303060009,420303060000,3625,"2-No","?",0,0,0,0,0,0,0,435,435,429,0,0,0,0,0,80
1219,"FREMONT ELEMENTARY SCHOOL","New York","New York","NY ","FREMONT ELEMENTARY SCHOOL",360999000773,"EAST SYRACUSE-MINOA CENTRAL SCHOOL DISTRICT",3609990,"ONONDAGA COUNTY",36067,"Reported 7 categories",36,"1986-2010",NULL,"115 RICHMOND RD WEST","EAST SYRACUSE","NY ",13057,2611,"115 RICHMOND RD W","EAST SYRACUSE","NY ",13057,2611,3154343480,"1-Regular school","1-Local school district","1-Currently operational ","2-No","2-No","2-No","21-Suburb: Large","2-No","1-Yes","1-Eligible for Title I TAS provides no program","?",45060,"Syracuse-Auburn, NY",532,43.067311,-76.031318,420401060002,420401060000,3625,"2-No","?",0,0,53,61,53,52,54,69,0,0,0,0,0,0,0,24
1192,"FRANKLIN ELEMENTARY SCHOOL","New York","New York","NY ","FRANKLIN ELEMENTARY SCHOOL",362859003859,"SYRACUSE CITY SCHOOL DISTRICT",3628590,"ONONDAGA COUNTY",36067,"Reported 7 categories",36,"1986-2010",NULL,"428 SOUTH ALVORD ST","SYRACUSE","NY ",13208,2795,"428 S ALVORD ST","SYRACUSE","NY ",13208,2795,3154354550,"1-Regular school","1-Local school district","1-Currently operational ","2-No","2-No","2-No","12-City: Mid-size","1-Yes","1-Yes","5-Eligible for Title I SWP provides SWP program","?",45060,"Syracuse-Auburn, NY",532,43.062375,-76.146482,421800010021,421800010000,3625,"2-No","?",0,0,122,117,119,112,124,128,0,0,0,0,0,0,0,48
1199,"FRAZER K-8 SCHOOL","New York","New York","NY ","FRAZER K-8 SCHOOL",362859003860,"SYRACUSE CITY SCHOOL DISTRICT",3628590,"ONONDAGA COUNTY",36067,"Reported 7 categories",36,"1986-2010",NULL,"741 PARK AVE","SYRACUSE","NY ",13204,2284,"741 PARK AVE","SYRACUSE","NY ",13204,2284,3154354555,"1-Regular school","1-Local school district","1-Currently operational ","2-No","2-No","2-No","12-City: Mid-size","1-Yes","1-Yes","5-Eligible for Title I SWP provides SWP program","?",45060,"Syracuse-Auburn, NY",532,43.051989,-76.173046,421800010022,421800010000,3625,"2-No","?",0,0,73,71,70,79,76,76,93,138,133,0,0,0,0,62
1164,"FOWLER HIGH SCHOOL","New York","New York","NY ","FOWLER HIGH SCHOOL",362859003861,"SYRACUSE CITY SCHOOL DISTRICT",3628590,"ONONDAGA COUNTY",36067,"Reported 7 categories",36,"1986-2010",NULL,"227 MAGNOLIA ST","SYRACUSE","NY ",13204,2796,"227 MAGNOLIA ST","SYRACUSE","NY ",13204,2796,3154354376,"1-Regular school","1-Local school district","1-Currently operational ","2-No","2-No","2-No","12-City: Mid-size","?","2-No","6-Not eligible for either TAS or SWP","?",45060,"Syracuse-Auburn, NY",532,43.043987,-76.174238,421800010049,421800010000,3625,"2-No","?",0,0,0,0,0,0,0,0,0,0,0,462,231,131,304,73
1472,"HARRY E ELDEN ELEMENTARY SCHOOL","New York","New York","NY ","HARRY E ELDEN ELEMENTARY SCHOOL",360387000143,"BALDWINSVILLE CENTRAL SCHOOL DISTRICT",3603870,"ONONDAGA COUNTY",36067,"Reported 7 categories",36,"1986-2010",NULL,"29 EAST ONEIDA ST","BALDWINSVILLE","NY ",13027,2482,"29 E ONEIDA ST","BALDWINSVILLE","NY ",13027,2482,3156386118,"1-Regular school","1-Local school district","1-Currently operational ","2-No","2-No","2-No","21-Suburb: Large","1-Yes","1-Yes","5-Eligible for Title I SWP provides SWP program","?",45060,"Syracuse-Auburn, NY",532,43.162469,-76.330329,420901060002,420901060000,3625,"2-No","?",0,65,21,68,72,67,72,88,0,0,0,0,0,0,0,29
1357,"GRANT MIDDLE SCHOOL","New York","New York","NY ","GRANT MIDDLE SCHOOL",362859003862,"SYRACUSE CITY SCHOOL DISTRICT",3628590,"ONONDAGA COUNTY",36067,"Reported 7 categories",36,"1986-2010",NULL,"2400 GRANT BLVD","SYRACUSE","NY ",13208,2214,"2400 GRANT BLVD","SYRACUSE","NY ",13208,2214,3154354433,"1-Regular school","1-Local school district","1-Currently operational ","2-No","2-No","2-No","12-City: Mid-size","1-Yes","1-Yes","5-Eligible for Title I SWP provides SWP program","?",45060,"Syracuse-Auburn, NY",532,43.073852,-76.148724,421800010035,421800010000,3625,"2-No","?",0,0,0,0,0,0,0,0,184,230,187,0,0,0,0,52
1512,"HENNINGER HIGH SCHOOL","New York","New York","NY ","HENNINGER HIGH SCHOOL",362859003864,"SYRACUSE CITY SCHOOL DISTRICT",3628590,"ONONDAGA COUNTY",36067,"Reported 7 categories",36,"1986-2010",NULL,"600 ROBINSON ST","SYRACUSE","NY ",13206,3598,"600 ROBINSON ST","SYRACUSE","NY ",13206,3598,3154354343,"1-Regular school","1-Local school district","1-Currently operational ","2-No","2-No","2-No","12-City: Mid-size","?","2-No","6-Not eligible for either TAS or SWP","?",45060,"Syracuse-Auburn, NY",532,43.058444,-76.119707,421800010040,421800010000,3625,"2-No","?",0,0,0,0,0,0,0,0,0,0,0,577,434,255,329,109
1658,"HUNTINGTON K-8 SCHOOL","New York","New York","NY ","HUNTINGTON K-8 SCHOOL",362859003865,"SYRACUSE CITY SCHOOL DISTRICT",3628590,"ONONDAGA COUNTY",36067,"Reported 7 categories",36,"1986-2010",NULL,"400 SUNNYCREST RD","SYRACUSE","NY ",13206,3398,"400 SUNNYCREST RD","SYRACUSE","NY ",13206,3398,3154354565,"1-Regular school","1-Local school district","1-Currently operational ","2-No","2-No","2-No","12-City: Mid-size","1-Yes","1-Yes","5-Eligible for Title I SWP provides SWP program","?",45060,"Syracuse-Auburn, NY",532,43.061534,-76.110643,421800010015,421800010000,3625,"2-No","?",0,0,78,90,97,88,103,103,108,116,118,0,0,0,0,64
1652,"HUGHES ELEMENTARY SCHOOL","New York","New York","NY ","HUGHES ELEMENTARY SCHOOL",362859003872,"SYRACUSE CITY SCHOOL DISTRICT",3628590,"ONONDAGA COUNTY",36067,"Reported 7 categories",36,"1986-2010",NULL,"345 JAMESVILLE AVE","SYRACUSE","NY ",13210,3299,"345 JAMESVILLE AVE","SYRACUSE","NY ",13210,3299,3154354404,"1-Regular school","1-Local school district","1-Currently operational ","2-No","2-No","2-No","12-City: Mid-size","1-Yes","1-Yes","5-Eligible for Title I SWP provides SWP program","?",45060,"Syracuse-Auburn, NY",532,43.022452,-76.133786,421800010025,421800010000,3625,"2-No","?",0,0,71,65,70,67,46,66,56,57,51,0,0,0,0,45
1659,"HURLBUT W SMITH K-8 SCHOOL","New York","New York","NY ","HURLBUT W SMITH K-8 SCHOOL",362859003863,"SYRACUSE CITY SCHOOL DISTRICT",3628590,"ONONDAGA COUNTY",36067,"Reported 7 categories",36,"1986-2010",NULL,"1130 SALT SPRINGS RD","SYRACUSE","NY ",13224,1695,"1130 SALT SPRINGS RD","SYRACUSE","NY ",13224,1695,3154354490,"1-Regular school","1-Local school district","1-Currently operational ","2-No","2-No","2-No","12-City: Mid-size","1-Yes","1-Yes","5-Eligible for Title I SWP provides SWP program","?",45060,"Syracuse-Auburn, NY",532,43.047566,-76.094923,421800010031,421800010000,3625,"2-No","?",0,0,74,76,69,83,72,106,107,102,100,0,0,0,0,59
1689,"INSTITUTE OF TECHNOLOGY AT SYRACUSE CENTRAL","New York","New York","NY ","INSTITUTE OF TECHNOLOGY AT SYRACUSE CENTRAL",362859005977,"SYRACUSE CITY SCHOOL DISTRICT",3628590,"ONONDAGA COUNTY",36067,"Reported 7 categories",36,"2007-2010","1986-2006","111 FELLOWS AVE","SYRACUSE","NY ",13210,NULL,"111 FELLOWS AVE","SYRACUSE","NY ",13210,NULL,3154354300,"1-Regular school","1-Local school district","1-Currently operational ","2-No","2-No","2-No","12-City: Mid-size","?","2-No","6-Not eligible for either TAS or SWP","?",45060,"Syracuse-Auburn, NY",532,43.044947,-76.115627,421800010047,421800010000,3625,"2-No","?",0,0,0,0,0,0,0,0,0,0,0,120,107,91,85,31
1967,"KARL W SAILE BEAR ROAD ELEMENTARY SCHOOL","New York","New York","NY ","KARL W SAILE BEAR ROAD ELEMENTARY SCHOOL",362121002995,"NORTH SYRACUSE CENTRAL SCHOOL DISTRICT",3621210,"ONONDAGA COUNTY",36067,"Reported 7 categories",36,"1986-2010",NULL,"5590 BEAR RD","NORTH SYRACUSE","NY ",13212,1693,"5590 BEAR RD","NORTH SYRACUSE","NY ",13212,1693,3152182400,"1-Regular school","1-Local school district","1-Currently operational ","2-No","2-No","2-No","21-Suburb: Large","2-No","1-Yes","2-Eligible for Title I TAS provides TAS program","?",45060,"Syracuse-Auburn, NY",532,43.144529,-76.132599,420303060002,420303060000,3625,"2-No","?",0,134,0,119,136,131,129,0,0,0,0,0,0,0,0,40
1817,"JAMESVILLE ELEMENTARY SCHOOL","New York","New York","NY ","JAMESVILLE ELEMENTARY SCHOOL",360909000696,"JAMESVILLE-DEWITT CENTRAL SCHOOL DISTRICT",3609090,"ONONDAGA COUNTY",36067,"Reported 7 categories",36,"1986-2010",NULL,"6409 EAST SENECA TURNPIKE","JAMESVILLE","NY ",13078,9508,"6409 E SENECA TPKE","JAMESVILLE","NY ",13078,9508,3154458460,"1-Regular school","1-Local school district","1-Currently operational ","2-No","2-No","2-No","21-Suburb: Large","2-No","1-Yes","1-Eligible for Title I TAS provides no program","?",45060,"Syracuse-Auburn, NY",532,42.991489,-76.077094,420411060002,420411060000,3625,"2-No","?",0,0,60,65,83,65,91,0,0,0,0,0,0,0,0,22
1819,"JAMESVILLE-DEWITT MIDDLE SCHOOL","New York","New York","NY ","JAMESVILLE-DEWITT MIDDLE SCHOOL",360909000698,"JAMESVILLE-DEWITT CENTRAL SCHOOL DISTRICT",3609090,"ONONDAGA COUNTY",36067,"Reported 7 categories",36,"1986-2010",NULL,"6280 RANDALL RD","JAMESVILLE","NY ",13078,9719,"6280 RANDALL RD","JAMESVILLE","NY ",13078,9719,3154458360,"1-Regular school","1-Local school district","1-Currently operational ","2-No","2-No","2-No","21-Suburb: Large","2-No","1-Yes","2-Eligible for Title I TAS provides TAS program","?",45060,"Syracuse-Auburn, NY",532,43.031219,-76.08498,420411060005,420411060000,3625,"2-No","?",0,0,0,0,0,0,0,217,225,238,227,0,0,0,0,77
1818,"JAMESVILLE-DEWITT HIGH SCHOOL","New York","New York","NY ","JAMESVILLE-DEWITT HIGH SCHOOL",360909000697,"JAMESVILLE-DEWITT CENTRAL SCHOOL DISTRICT",3609090,"ONONDAGA COUNTY",36067,"Reported 7 categories",36,"1986-2010",NULL,"6845 EDINGER DR","DEWITT","NY ",13214,606,"6845 EDINGER DR","DEWITT","NY ",13214,606,3154458340,"1-Regular school","1-Local school district","1-Currently operational ","2-No","2-No","2-No","21-Suburb: Large","2-No","1-Yes","1-Eligible for Title I TAS provides no program","?",45060,"Syracuse-Auburn, NY",532,43.01898,-76.045976,420411060006,420411060000,3625,"2-No","?",0,0,0,0,0,0,0,0,0,0,0,234,209,229,216,71
1952,"JORDAN-ELBRIDGE HIGH SCHOOL","New York","New York","NY ","JORDAN-ELBRIDGE HIGH SCHOOL",361599001386,"JORDAN-ELBRIDGE CENTRAL SCHOOL DISTRICT",3615990,"ONONDAGA COUNTY",36067,"Reported 7 categories",36,"1986-2010",NULL,"5721 HAMILTON RD","JORDAN","NY ",13080,901,"PO BOX 901","JORDAN","NY ",13080,901,3156898510,"1-Regular school","1-Local school district","1-Currently operational ","2-No","2-No","2-No","42-Rural: Distant","2-No","1-Yes","2-Eligible for Title I TAS provides TAS program","?",45060,"Syracuse-Auburn, NY",532,43.046516,-76.471176,420501060003,420501060000,3625,"2-No","?",0,0,0,0,0,0,0,0,0,0,0,104,115,115,124,33
1953,"JORDAN-ELBRIDGE MIDDLE SCHOOL","New York","New York","NY ","JORDAN-ELBRIDGE MIDDLE SCHOOL",361599002581,"JORDAN-ELBRIDGE CENTRAL SCHOOL DISTRICT",3615990,"ONONDAGA COUNTY",36067,"Reported 7 categories",36,"1996-2010","1986-1995","9 NORTH CHAPPELL ST","JORDAN","NY ",13080,1150,"PO BOX 1150","JORDAN","NY ",13080,1150,3156898520,"1-Regular school","1-Local school district","1-Currently operational ","2-No","2-No","2-No","42-Rural: Distant","2-No","1-Yes","2-Eligible for Title I TAS provides TAS program","?",45060,"Syracuse-Auburn, NY",532,43.06658,-76.470502,420501060004,420501060000,3625,"2-No","?",0,0,0,0,0,0,0,0,110,107,116,0,0,0,0,26
1960,"K C HEFFERNAN ELEMENTARY SCHOOL","New York","New York","NY ","K C HEFFERNAN ELEMENTARY SCHOOL",361848001663,"MARCELLUS CENTRAL SCHOOL DISTRICT",3618480,"ONONDAGA COUNTY",36067,"Reported 7 categories",36,"1986-2010",NULL,"2 LEARNERS LNDG","MARCELLUS","NY ",13108,1199,"2 LEARNERS LNDG","MARCELLUS","NY ",13108,1199,3156730282,"1-Regular school","1-Local school district","1-Currently operational ","2-No","2-No","2-No","21-Suburb: Large","2-No","1-Yes","2-Eligible for Title I TAS provides TAS program","?",45060,"Syracuse-Auburn, NY",532,42.988875,-76.340543,421101060001,421101060000,3625,"2-No","?",0,91,0,160,124,126,0,0,0,0,0,0,0,0,0,34
2047,"LAKESHORE ROAD ELEMENTARY SCHOOL","New York","New York","NY ","LAKESHORE ROAD ELEMENTARY SCHOOL",362121002999,"NORTH SYRACUSE CENTRAL SCHOOL DISTRICT",3621210,"ONONDAGA COUNTY",36067,"Reported 7 categories",36,"1986-2010",NULL,"7180 LAKESHORE RD","CICERO","NY ",13039,9734,"7180 LAKESHORE RD","CICERO","NY ",13039,9734,3152182600,"1-Regular school","1-Local school district","1-Currently operational ","2-No","2-No","2-No","41-Rural: Fringe","2-No","1-Yes","1-Eligible for Title I TAS provides no program","?",45060,"Syracuse-Auburn, NY",532,43.189251,-76.027768,420303060004,420303060000,3625,"2-No","?",0,98,0,125,120,115,116,0,0,0,0,0,0,0,0,31
2026,"LA FAYETTE JUNIOR-SENIOR HIGH SCHOOL","New York","New York","NY ","LA FAYETTE JUNIOR-SENIOR HIGH SCHOOL",361641001448,"LAFAYETTE CENTRAL SCHOOL DISTRICT",3616410,"ONONDAGA COUNTY",36067,"Reported 7 categories",36,"1986-2010",NULL,"3122ROUTE 11N","LAFAYETTE","NY ",13084,9611,"3122 RT 11N","LAFAYETTE","NY ",13084,9611,3156775506,"1-Regular school","1-Local school district","1-Currently operational ","2-No","2-No","2-No","41-Rural: Fringe","2-No","1-Yes","1-Eligible for Title I TAS provides no program","?",45060,"Syracuse-Auburn, NY",532,42.922441,-76.117259,420807040003,420807040000,3625,"2-No","?",0,0,0,0,0,0,0,0,0,62,50,62,66,78,71,43
2023,"L PEARL PALMER ELEMENTARY SCHOOL","New York","New York","NY ","L PEARL PALMER ELEMENTARY SCHOOL",360387000144,"BALDWINSVILLE CENTRAL SCHOOL DISTRICT",3603870,"ONONDAGA COUNTY",36067,"Reported 7 categories",36,"1986-2010",NULL,"7864 HICKS RD","BALDWINSVILLE","NY ",13027,8490,"7864 HICKS RD","BALDWINSVILLE","NY ",13027,8490,3156386127,"1-Regular school","1-Local school district","1-Currently operational ","2-No","2-No","2-No","41-Rural: Fringe","2-No","1-Yes","1-Eligible for Title I TAS provides no program","?",45060,"Syracuse-Auburn, NY",532,43.150938,-76.277674,420901060004,420901060000,3625,"2-No","?",0,60,0,85,83,72,85,89,0,0,0,0,0,0,0,32
2196,"MAE E REYNOLDS SCHOOL","New York","New York","NY ","MAE E REYNOLDS SCHOOL",360387000145,"BALDWINSVILLE CENTRAL SCHOOL DISTRICT",3603870,"ONONDAGA COUNTY",36067,"Reported 7 categories",36,"1986-2010",NULL,"222 DEERWOOD DR","BALDWINSVILLE","NY ",13027,3190,"222 DEERWOOD DR","BALDWINSVILLE","NY ",13027,3190,3156386124,"1-Regular school","1-Local school district","1-Currently operational ","2-No","2-No","2-No","21-Suburb: Large","1-Yes","1-Yes","5-Eligible for Title I SWP provides SWP program","?",45060,"Syracuse-Auburn, NY",532,43.134478,-76.312955,420901060008,420901060000,3625,"2-No","?",0,56,10,69,82,71,72,56,0,0,0,0,0,0,0,29
2138,"LIVERPOOL MIDDLE SCHOOL","New York","New York","NY ","LIVERPOOL MIDDLE SCHOOL",361752001566,"LIVERPOOL CENTRAL SCHOOL DISTRICT",3617520,"ONONDAGA COUNTY",36067,"Reported 7 categories",36,"1986-2010",NULL,"720 SEVENTH ST","LIVERPOOL","NY ",13088,4498,"720 SEVENTH ST","LIVERPOOL","NY ",13088,4498,3154530258,"1-Regular school","1-Local school district","1-Currently operational ","2-No","2-No","2-No","21-Suburb: Large","2-No","1-Yes","1-Eligible for Title I TAS provides no program","?",45060,"Syracuse-Auburn, NY",532,43.111387,-76.215824,421501060005,421501060000,3625,"2-No","?",0,0,0,0,0,0,0,0,0,198,145,0,0,0,0,25
2136,"LIVERPOOL ELEMENTARY SCHOOL","New York","New York","NY ","LIVERPOOL ELEMENTARY SCHOOL",361752001564,"LIVERPOOL CENTRAL SCHOOL DISTRICT",3617520,"ONONDAGA COUNTY",36067,"Reported 7 categories",36,"1986-2010",NULL,"910 2ND ST","LIVERPOOL","NY ",13088,4495,"910 2ND ST","LIVERPOOL","NY ",13088,4495,3154530254,"1-Regular school","1-Local school district","1-Currently operational ","2-No","2-No","2-No","21-Suburb: Large","2-No","1-Yes","2-Eligible for Title I TAS provides TAS program","?",45060,"Syracuse-Auburn, NY",532,43.109015,-76.219259,421501060010,421501060000,3625,"2-No","?",0,0,49,42,43,37,46,31,36,0,0,0,0,0,0,26
2137,"LIVERPOOL HIGH SCHOOL","New York","New York","NY ","LIVERPOOL HIGH SCHOOL",361752001565,"LIVERPOOL CENTRAL SCHOOL DISTRICT",3617520,"ONONDAGA COUNTY",36067,"Reported 7 categories",36,"1986-2010",NULL,"4338 WETZEL RD","LIVERPOOL","NY ",13090,2098,"4338 WETZEL RD","LIVERPOOL","NY ",13090,2098,3154531500,"1-Regular school","1-Local school district","1-Currently operational ","2-No","2-No","2-No","21-Suburb: Large","2-No","1-Yes","1-Eligible for Title I TAS provides no program","?",45060,"Syracuse-Auburn, NY",532,43.150132,-76.214762,421501060011,421501060000,3625,"2-No","?",0,0,0,0,0,0,0,0,0,0,0,600,568,588,558,166
2154,"LONG BRANCH ELEMENTARY SCHOOL","New York","New York","NY ","LONG BRANCH ELEMENTARY SCHOOL",361752001567,"LIVERPOOL CENTRAL SCHOOL DISTRICT",3617520,"ONONDAGA COUNTY",36067,"Reported 7 categories",36,"1986-2010",NULL,"4035 LONG BRANCH RD","LIVERPOOL","NY ",13088,3199,"4035 LONG BRANCH RD","LIVERPOOL","NY ",13088,3199,3154530261,"1-Regular school","1-Local school district","1-Currently operational ","2-No","2-No","2-No","21-Suburb: Large","2-No","1-Yes","2-Eligible for Title I TAS provides TAS program","?",45060,"Syracuse-Auburn, NY",532,43.127562,-76.232447,421501060015,421501060000,3625,"2-No","?",0,0,65,64,63,58,65,61,64,0,0,0,0,0,0,33
2179,"LYNCOURT SCHOOL","New York","New York","NY ","LYNCOURT SCHOOL",361794001611,"LYNCOURT UNION FREE SCHOOL DISTRICT",3617940,"ONONDAGA COUNTY",36067,"Reported 7 categories",36,"1986-2010",NULL,"27072709 COURT ST","SYRACUSE","NY ",13208,3234,"2707-2709 COURT ST","SYRACUSE","NY ",13208,3234,3154557571,"1-Regular school","1-Local school district","1-Currently operational ","2-No","2-No","2-No","21-Suburb: Large","1-Yes","1-Yes","5-Eligible for Title I SWP provides SWP program","?",45060,"Syracuse-Auburn, NY",532,43.083986,-76.132086,421504020001,421504020000,3625,"2-No","?",0,0,28,38,36,24,27,40,31,32,38,0,0,0,0,38
2083,"LEMOYNE ELEMENTARY SCHOOL","New York","New York","NY ","LEMOYNE ELEMENTARY SCHOOL",362859003867,"SYRACUSE CITY SCHOOL DISTRICT",3628590,"ONONDAGA COUNTY",36067,"Reported 7 categories",36,"1986-2010",NULL,"1528 LEMOYNE AVE","SYRACUSE","NY ",13208,1341,"1528 LEMOYNE AVE","SYRACUSE","NY ",13208,1341,3154354590,"1-Regular school","1-Local school district","1-Currently operational ","2-No","2-No","2-No","12-City: Mid-size","1-Yes","1-Yes","5-Eligible for Title I SWP provides SWP program","?",45060,"Syracuse-Auburn, NY",532,43.082517,-76.149667,421800010012,421800010000,3625,"2-No","?",0,0,77,72,66,80,68,58,0,0,0,0,0,0,0,31
2113,"LINCOLN MIDDLE SCHOOL","New York","New York","NY ","LINCOLN MIDDLE SCHOOL",362859003868,"SYRACUSE CITY SCHOOL DISTRICT",3628590,"ONONDAGA COUNTY",36067,"Reported 7 categories",36,"1986-2010",NULL,"1613 JAMES ST","SYRACUSE","NY ",13203,2888,"1613 JAMES ST","SYRACUSE","NY ",13203,2888,3154354450,"1-Regular school","1-Local school district","1-Currently operational ","2-No","2-No","2-No","12-City: Mid-size","1-Yes","1-Yes","5-Eligible for Title I SWP provides SWP program","?",45060,"Syracuse-Auburn, NY",532,43.063723,-76.125446,421800010048,421800010000,3625,"2-No","?",0,0,0,0,0,0,0,0,157,199,157,0,0,0,0,34
2203,"MAIN STREET ELEMENTARY SCHOOL","New York","New York","NY ","MAIN STREET ELEMENTARY SCHOOL",362121004565,"NORTH SYRACUSE CENTRAL SCHOOL DISTRICT",3621210,"ONONDAGA COUNTY",36067,"Reported 7 categories",36,"1986-2010",NULL,"205 SOUTH MAIN ST","NORTH SYRACUSE","NY ",13212,3169,"205 S MAIN ST","NORTH SYRACUSE","NY ",13212,3169,3152182200,"1-Regular school","1-Local school district","1-Currently operational ","2-No","2-No","2-No","21-Suburb: Large","2-No","1-Yes","1-Eligible for Title I TAS provides no program","?",45060,"Syracuse-Auburn, NY",532,43.134762,-76.129907,420303060015,420303060000,3625,"2-No","?",NULL,NULL,NULL,NULL,NULL,NULL,NULL,NULL,NULL,NULL,NULL,NULL,NULL,NULL,NULL,18
2391,"MINOA ELEMENTARY SCHOOL","New York","New York","NY ","MINOA ELEMENTARY SCHOOL",360999000775,"EAST SYRACUSE-MINOA CENTRAL SCHOOL DISTRICT",3609990,"ONONDAGA COUNTY",36067,"Reported 7 categories",36,"1986-2010",NULL,"501 NORTH MAIN ST","MINOA","NY ",13116,1297,"501 N MAIN ST","MINOA","NY ",13116,1297,3154343420,"1-Regular school","1-Local school district","1-Currently operational ","2-No","2-No","2-No","21-Suburb: Large","2-No","1-Yes","2-Eligible for Title I TAS provides TAS program","?",45060,"Syracuse-Auburn, NY",532,43.080892,-76.00108,420401060009,420401060000,3625,"2-No","?",0,0,76,57,57,68,64,56,0,0,0,0,0,0,0,31
2427,"MOSES DEWITT ELEMENTARY SCHOOL","New York","New York","NY ","MOSES DEWITT ELEMENTARY SCHOOL",360909000699,"JAMESVILLE-DEWITT CENTRAL SCHOOL DISTRICT",3609090,"ONONDAGA COUNTY",36067,"Reported 7 categories",36,"1986-2010",NULL,"201 JAMESVILLE RD","DEWITT","NY ",13214,2254,"201 JAMESVILLE RD","DEWITT","NY ",13214,2254,3154458370,"1-Regular school","1-Local school district","1-Currently operational ","2-No","2-No","2-No","21-Suburb: Large","2-No","1-Yes","2-Eligible for Title I TAS provides TAS program","?",45060,"Syracuse-Auburn, NY",532,43.033675,-76.068882,420411060003,420411060000,3625,"2-No","?",0,0,60,47,64,60,55,0,0,0,0,0,0,0,0,18
2438,"MOTT ROAD ELEMENTARY SCHOOL","New York","New York","NY ","MOTT ROAD ELEMENTARY SCHOOL",361833004595,"FAYETTEVILLE-MANLIUS CENTRAL SCHOOL DISTRICT",3618330,"ONONDAGA COUNTY",36067,"Reported 7 categories",36,"1987-2010",1986,"7173 MOTT RD","FAYETTEVILLE","NY ",13066,1801,"7173 MOTT RD","FAYETTEVILLE","NY ",13066,1801,3156921700,"1-Regular school","1-Local school district","1-Currently operational ","2-No","2-No","2-No","21-Suburb: Large","2-No","1-Yes","2-Eligible for Title I TAS provides TAS program","?",45060,"Syracuse-Auburn, NY",532,43.021877,-76.026013,421001060007,421001060000,3625,"2-No","?",0,61,0,64,77,94,102,0,0,0,0,0,0,0,0,28
2246,"MARCELLUS HIGH SCHOOL","New York","New York","NY ","MARCELLUS HIGH SCHOOL",361848001665,"MARCELLUS CENTRAL SCHOOL DISTRICT",3618480,"ONONDAGA COUNTY",36067,"Reported 7 categories",36,"1986-2010",NULL,"1 MUSTANG HL","MARCELLUS","NY ",13108,1199,"1 MUSTANG HILL","MARCELLUS","NY ",13108,1199,3156730296,"1-Regular school","1-Local school district","1-Currently operational ","2-No","2-No","2-No","41-Rural: Fringe","2-No","1-Yes","2-Eligible for Title I TAS provides TAS program","?",45060,"Syracuse-Auburn, NY",532,42.992173,-76.342601,421101060003,421101060000,3625,"2-No","?",0,0,0,0,0,0,0,0,0,0,0,166,130,175,155,43
2415,"MORGAN ROAD ELEMENTARY SCHOOL","New York","New York","NY ","MORGAN ROAD ELEMENTARY SCHOOL",361752001569,"LIVERPOOL CENTRAL SCHOOL DISTRICT",3617520,"ONONDAGA COUNTY",36067,"Reported 7 categories",36,"1986-2010",NULL,"7795 WETZEL RD","LIVERPOOL","NY ",13090,2097,"7795 WETZEL RD","LIVERPOOL","NY ",13090,2097,3154531268,"1-Regular school","1-Local school district","1-Currently operational ","2-No","2-No","2-No","21-Suburb: Large","2-No","1-Yes","2-Eligible for Title I TAS provides TAS program","?",45060,"Syracuse-Auburn, NY",532,43.147207,-76.174366,421501060012,421501060000,3625,"2-No","?",0,0,66,67,63,67,68,64,67,0,0,0,0,0,0,33
2309,"MEACHEM ELEMENTARY SCHOOL","New York","New York","NY ","MEACHEM ELEMENTARY SCHOOL",362859003870,"SYRACUSE CITY SCHOOL DISTRICT",3628590,"ONONDAGA COUNTY",36067,"Reported 7 categories",36,"1986-2010",NULL,"171 SPAULDING AVE","SYRACUSE","NY ",13205,3218,"171 SPAULDING AVE","SYRACUSE","NY ",13205,3218,3154354610,"1-Regular school","1-Local school district","1-Currently operational ","2-No","2-No","2-No","12-City: Mid-size","1-Yes","1-Yes","5-Eligible for Title I SWP provides SWP program","?",45060,"Syracuse-Auburn, NY",532,42.986905,-76.146993,421800010011,421800010000,3625,"2-No","?",0,0,70,68,64,75,65,56,0,0,0,0,0,0,0,29
2306,"MCKINLEY-BRIGHTON ELEMENTARY SCHOOL","New York","New York","NY ","MCKINLEY-BRIGHTON ELEMENTARY SCHOOL",362859003869,"SYRACUSE CITY SCHOOL DISTRICT",3628590,"ONONDAGA COUNTY",36067,"Reported 7 categories",36,"1986-2010",NULL,"141 WEST NEWELL ST","SYRACUSE","NY ",13205,1798,"141 W NEWELL ST","SYRACUSE","NY ",13205,1798,3154354605,"1-Regular school","1-Local school district","1-Currently operational ","2-No","2-No","2-No","12-City: Mid-size","1-Yes","1-Yes","5-Eligible for Title I SWP provides SWP program","?",45060,"Syracuse-Auburn, NY",532,43.017821,-76.143202,421800010042,421800010000,3625,"2-No","?",0,0,105,102,86,73,70,74,0,0,0,0,0,0,0,35
2621,"NORTH SYRACUSE JUNIOR HIGH SCHOOL","New York","New York","NY ","NORTH SYRACUSE JUNIOR HIGH SCHOOL",362121003001,"NORTH SYRACUSE CENTRAL SCHOOL DISTRICT",3621210,"ONONDAGA COUNTY",36067,"Reported 7 categories",36,"1986-2010",NULL,"5353 WEST TAFT RD","NORTH SYRACUSE","NY ",13212,2799,"5353 W TAFT RD","NORTH SYRACUSE","NY ",13212,2799,3152183600,"1-Regular school","1-Local school district","1-Currently operational ","2-No","2-No","2-No","21-Suburb: Large","2-No","1-Yes","2-Eligible for Title I TAS provides TAS program","?",45060,"Syracuse-Auburn, NY",532,43.122647,-76.144316,420303060010,420303060000,3625,"2-No","?",0,0,0,0,0,0,0,0,0,0,708,701,0,0,0,110
2511,"NATE PERRY ELEMENTARY SCHOOL","New York","New York","NY ","NATE PERRY ELEMENTARY SCHOOL",361752001570,"LIVERPOOL CENTRAL SCHOOL DISTRICT",3617520,"ONONDAGA COUNTY",36067,"Reported 7 categories",36,"1986-2010",NULL,"7053 BUCKLEY RD","LIVERPOOL","NY ",13088,5498,"7053 BUCKLEY RD","LIVERPOOL","NY ",13088,5498,3154530272,"1-Regular school","1-Local school district","1-Currently operational ","2-No","2-No","2-No","21-Suburb: Large","2-No","1-Yes","2-Eligible for Title I TAS provides TAS program","?",45060,"Syracuse-Auburn, NY",532,43.11233,-76.159932,421501060001,421501060000,3625,"2-No","?",0,0,70,43,64,50,47,60,71,0,0,0,0,0,0,28
2653,"NOTTINGHAM HIGH SCHOOL","New York","New York","NY ","NOTTINGHAM HIGH SCHOOL",362859003871,"SYRACUSE CITY SCHOOL DISTRICT",3628590,"ONONDAGA COUNTY",36067,"Reported 7 categories",36,"1986-2010",NULL,"3100 EAST GENESEE ST","SYRACUSE","NY ",13224,1694,"3100 E GENESEE ST","SYRACUSE","NY ",13224,1694,3154354380,"1-Regular school","1-Local school district","1-Currently operational ","2-No","2-No","2-No","12-City: Mid-size","?","2-No","6-Not eligible for either TAS or SWP","?",45060,"Syracuse-Auburn, NY",532,43.042676,-76.099495,421800010039,421800010000,3625,"2-No","?",0,0,0,0,0,0,0,0,0,0,0,284,366,281,253,89
2699,"ONONDAGA ROAD ELEMENTARY SCHOOL","New York","New York","NY ","ONONDAGA ROAD ELEMENTARY SCHOOL",363063004114,"WEST GENESEE CENTRAL SCHOOL DISTRICT",3630630,"ONONDAGA COUNTY",36067,"Reported 7 categories",36,"1986-2010",NULL,"703 ONONDAGA RD","SYRACUSE","NY ",13219,2999,"703 ONONDAGA RD","SYRACUSE","NY ",13219,2999,3154874653,"1-Regular school","1-Local school district","1-Currently operational ","2-No","2-No","2-No","21-Suburb: Large","2-No","1-Yes","1-Eligible for Title I TAS provides no program","?",45060,"Syracuse-Auburn, NY",532,43.041223,-76.234602,420101060005,420101060000,3625,"2-No","?",0,21,0,37,60,60,59,58,0,0,0,0,0,0,0,21
2852,"PINE GROVE MIDDLE SCHOOL","New York","New York","NY ","PINE GROVE MIDDLE SCHOOL",360999000778,"EAST SYRACUSE-MINOA CENTRAL SCHOOL DISTRICT",3609990,"ONONDAGA COUNTY",36067,"Reported 7 categories",36,"1986-2010",NULL,"6318 FREMONT RD","EAST SYRACUSE","NY ",13057,9498,"6318 FREMONT RD","EAST SYRACUSE","NY ",13057,9498,3154343050,"1-Regular school","1-Local school district","1-Currently operational ","2-No","2-No","2-No","41-Rural: Fringe","2-No","1-Yes","2-Eligible for Title I TAS provides TAS program","?",45060,"Syracuse-Auburn, NY",532,43.077053,-76.02819,420401060010,420401060000,3625,"2-No","?",0,0,0,0,0,0,0,0,243,240,254,0,0,0,0,75
2697,"ONONDAGA HILL MIDDLE SCHOOL","New York","New York","NY ","ONONDAGA HILL MIDDLE SCHOOL",360732000522,"WESTHILL CENTRAL SCHOOL DISTRICT",3607320,"ONONDAGA COUNTY",36067,"Reported 7 categories",36,"1986-2010",NULL,"4860 ONONDAGA RD","SYRACUSE","NY ",13215,2241,"4860 ONONDAGA RD","SYRACUSE","NY ",13215,2241,3154263400,"1-Regular school","1-Local school district","1-Currently operational ","2-No","2-No","2-No","21-Suburb: Large","2-No","1-Yes","1-Eligible for Title I TAS provides no program","?",45060,"Syracuse-Auburn, NY",532,43.006748,-76.181417,420701060004,420701060000,3625,"2-No","?",0,0,0,0,0,0,0,135,154,133,157,0,0,0,0,47
2698,"ONONDAGA NATION SCHOOL","New York","New York","NY ","ONONDAGA NATION SCHOOL",361641001449,"LAFAYETTE CENTRAL SCHOOL DISTRICT",3616410,"ONONDAGA COUNTY",36067,"Reported 7 categories",36,"1986-2010",NULL,"RR 1RT 11A","NEDROW","NY ",13120,9740,"BOX 270","NEDROW","NY ",13120,9740,3154696991,"1-Regular school","1-Local school district","1-Currently operational ","2-No","2-No","2-No","21-Suburb: Large","?","2-No","6-Not eligible for either TAS or SWP","?",45060,"Syracuse-Auburn, NY",532,42.942852,-76.164058,420807040002,420807040000,3625,"2-No","?",0,0,11,18,13,11,13,13,8,8,8,0,0,0,0,26
2700,"ONONDAGA SENIOR HIGH SCHOOL","New York","New York","NY ","ONONDAGA SENIOR HIGH SCHOOL",362181003098,"ONONDAGA CENTRAL SCHOOL DISTRICT",3621810,"ONONDAGA COUNTY",36067,"Reported 7 categories",36,"1986-2010",NULL,"4479 SOUTH ONONDAGA RD","NEDROW","NY ",13120,9715,"4479 S ONONDAGA RD","NEDROW","NY ",13120,9715,3155525020,"1-Regular school","1-Local school district","1-Currently operational ","2-No","2-No","2-No","41-Rural: Fringe","2-No","1-Yes","1-Eligible for Title I TAS provides no program","?",45060,"Syracuse-Auburn, NY",532,42.930791,-76.204432,421201040003,421201040000,3625,"2-No","?",0,0,0,0,0,0,0,0,0,76,69,75,75,72,72,40
2772,"PARK HILL SCHOOL","New York","New York","NY ","PARK HILL SCHOOL",360999004718,"EAST SYRACUSE-MINOA CENTRAL SCHOOL DISTRICT",3609990,"ONONDAGA COUNTY",36067,"Reported 7 categories",36,"1989-2010","1986-1988","303 ROBY AVE","EAST SYRACUSE","NY ",13057,1800,"303 ROBY AVE","EAST SYRACUSE","NY ",13057,1800,3154343800,"1-Regular school","1-Local school district","1-Currently operational ","2-No","2-No","2-No","21-Suburb: Large","2-No","1-Yes","1-Eligible for Title I TAS provides no program","?",45060,"Syracuse-Auburn, NY",532,43.073481,-76.081603,420401060001,420401060000,3625,"2-No","?",NULL,NULL,NULL,NULL,NULL,NULL,NULL,NULL,NULL,NULL,NULL,NULL,NULL,NULL,NULL,6
2701,"ONONDAGA-CORTLAND-MADISON BOCES","New York","New York","NY ","ONONDAGA-CORTLAND-MADISON BOCES",368058004645,"ONONDAGA-CORTLAND-MADISON BOCES",3680580,"ONONDAGA COUNTY",36067,"Reported 7 categories",36,"1987-2010",1986,"6820 THOMPSON RD","SYRACUSE","NY ",13221,1321,"PO BOX 4754","SYRACUSE","NY ",13221,1321,3154332600,"2-Special education school","4-Regional education services agency","1-Currently operational ","2-No","?","2-No","21-Suburb: Large","?","?","?","?",45060,"Syracuse-Auburn, NY",532,43.099544,-76.096131,429000000000,429000000000,3625,"2-No","?",NULL,NULL,NULL,NULL,NULL,NULL,NULL,NULL,NULL,NULL,NULL,NULL,NULL,NULL,NULL,NULL
2900,"PORTER ELEMENTARY SCHOOL","New York","New York","NY ","PORTER ELEMENTARY SCHOOL",362859003873,"SYRACUSE CITY SCHOOL DISTRICT",3628590,"ONONDAGA COUNTY",36067,"Reported 7 categories",36,"1986-2010",NULL,"512 EMERSON AVE","SYRACUSE","NY ",13204,1702,"512 EMERSON AVE","SYRACUSE","NY ",13204,1702,3154354625,"1-Regular school","1-Local school district","1-Currently operational ","2-No","2-No","2-No","12-City: Mid-size","1-Yes","1-Yes","5-Eligible for Title I SWP provides SWP program","?",45060,"Syracuse-Auburn, NY",532,43.052619,-76.187727,421800010027,421800010000,3625,"2-No","?",0,0,74,76,71,69,75,79,81,0,0,0,0,0,0,41
2914,"PREKINDERGARTEN PROGRAM","New York","New York","NY ","PREKINDERGARTEN PROGRAM",362859004751,"SYRACUSE CITY SCHOOL DISTRICT",3628590,"ONONDAGA COUNTY",36067,"Reported 7 categories",36,"1989-2010","1986-1988","220 WEST KENNEDY ST","SYRACUSE","NY ",13205,2829,"220 W KENNEDY ST","SYRACUSE","NY ",13205,2829,3154354276,"1-Regular school","1-Local school district","1-Currently operational ","2-No","2-No","2-No","12-City: Mid-size","?","2-No","6-Not eligible for either TAS or SWP","?",45060,"Syracuse-Auburn, NY",532,43.030022,-76.150433,421800010054,421800010000,3625,"2-No","?",NULL,NULL,NULL,NULL,NULL,NULL,NULL,NULL,NULL,NULL,NULL,NULL,NULL,NULL,NULL,61
3725,"RAMSDELL ELEMENTARY SCHOOL","New York","New York","NY ","RAMSDELL ELEMENTARY SCHOOL",361599001387,"JORDAN-ELBRIDGE CENTRAL SCHOOL DISTRICT",3615990,"ONONDAGA COUNTY",36067,"Reported 7 categories",36,"1986-2010",NULL,"9 CHAPPELL ST","JORDAN","NY ",13080,903,"PO BOX 903","JORDAN","NY ",13080,903,3156898530,"1-Regular school","1-Local school district","1-Currently operational ","2-No","2-No","2-No","42-Rural: Distant","2-No","1-Yes","2-Eligible for Title I TAS provides TAS program","?",45060,"Syracuse-Auburn, NY",532,43.06658,-76.470502,420501060002,420501060000,3625,"2-No","?",0,0,0,0,0,0,115,128,0,0,0,0,0,0,0,18
3845,"ROXBORO ROAD ELEMENTARY SCHOOL","New York","New York","NY ","ROXBORO ROAD ELEMENTARY SCHOOL",362121003003,"NORTH SYRACUSE CENTRAL SCHOOL DISTRICT",3621210,"ONONDAGA COUNTY",36067,"Reported 7 categories",36,"1986-2010",NULL,"200 BERNARD ST","SYRACUSE","NY ",13211,1496,"200 BERNARD ST","SYRACUSE","NY ",13211,1496,3152182700,"1-Regular school","1-Local school district","1-Currently operational ","2-No","2-No","2-No","21-Suburb: Large","1-Yes","1-Yes","5-Eligible for Title I SWP provides SWP program","?",45060,"Syracuse-Auburn, NY",532,43.100503,-76.147974,420303060007,420303060000,3625,"2-No","?",0,109,2,118,120,121,97,0,0,0,0,0,0,0,0,32
3846,"ROXBORO ROAD MIDDLE SCHOOL","New York","New York","NY ","ROXBORO ROAD MIDDLE SCHOOL",362121003004,"NORTH SYRACUSE CENTRAL SCHOOL DISTRICT",3621210,"ONONDAGA COUNTY",36067,"Reported 7 categories",36,"1986-2010",NULL,"300 BERNARD ST","SYRACUSE","NY ",13211,1495,"300 BERNARD ST","SYRACUSE","NY ",13211,1495,3152183300,"1-Regular school","1-Local school district","1-Currently operational ","2-No","2-No","2-No","21-Suburb: Large","1-Yes","1-Yes","3-Eligible for Title I SWP provides TAS program","?",45060,"Syracuse-Auburn, NY",532,43.100467,-76.148861,420303060011,420303060000,3625,"2-No","?",0,0,0,0,0,0,0,326,326,314,0,0,0,0,0,63
3815,"ROCKWELL ELEMENTARY SCHOOL","New York","New York","NY ","ROCKWELL ELEMENTARY SCHOOL",362181003099,"ONONDAGA CENTRAL SCHOOL DISTRICT",3621810,"ONONDAGA COUNTY",36067,"Reported 7 categories",36,"1986-2010",NULL,"208 ROCKWELL RD","NEDROW","NY ",13120,1008,"208 ROCKWELL RD","NEDROW","NY ",13120,1008,3155525070,"1-Regular school","1-Local school district","1-Currently operational ","2-No","2-No","2-No","21-Suburb: Large","2-No","1-Yes","2-Eligible for Title I TAS provides TAS program","?",45060,"Syracuse-Auburn, NY",532,42.976765,-76.140059,421201040001,421201040000,3625,"2-No","?",0,0,64,66,74,0,0,0,0,0,0,0,0,0,0,15
3807,"ROBERTS K-8 SCHOOL","New York","New York","NY ","ROBERTS K-8 SCHOOL",362859003875,"SYRACUSE CITY SCHOOL DISTRICT",3628590,"ONONDAGA COUNTY",36067,"Reported 7 categories",36,"1986-2010",NULL,"715 GLENWOOD AVE","SYRACUSE","NY ",13207,1599,"715 GLENWOOD AVE","SYRACUSE","NY ",13207,1599,3154354635,"1-Regular school","1-Local school district","1-Currently operational ","2-No","2-No","2-No","12-City: Mid-size","1-Yes","1-Yes","5-Eligible for Title I SWP provides SWP program","?",45060,"Syracuse-Auburn, NY",532,43.01958,-76.170744,421800010010,421800010000,3625,"2-No","?",0,0,65,62,69,53,59,62,76,81,87,0,0,0,0,50
3886,"SALEM HYDE ELEMENTARY SCHOOL","New York","New York","NY ","SALEM HYDE ELEMENTARY SCHOOL",362859003877,"SYRACUSE CITY SCHOOL DISTRICT",3628590,"ONONDAGA COUNTY",36067,"Reported 7 categories",36,"1986-2010",NULL,"450 DURSTON AVE","SYRACUSE","NY ",13203,1199,"450 DURSTON AVE","SYRACUSE","NY ",13203,1199,3154354570,"1-Regular school","1-Local school district","1-Currently operational ","2-No","2-No","2-No","12-City: Mid-size","1-Yes","1-Yes","5-Eligible for Title I SWP provides SWP program","?",45060,"Syracuse-Auburn, NY",532,43.07,-76.127278,421800010013,421800010000,3625,"2-No","?",0,0,72,72,70,69,74,63,56,0,0,0,0,0,0,34
4177,"SPLIT ROCK ELEMENTARY SCHOOL","New York","New York","NY ","SPLIT ROCK ELEMENTARY SCHOOL",363063004115,"WEST GENESEE CENTRAL SCHOOL DISTRICT",3630630,"ONONDAGA COUNTY",36067,"Reported 7 categories",36,"1986-2010",NULL,"4151 SPLIT ROCK RD","CAMILLUS","NY ",13031,9722,"4151 SPLIT ROCK RD","CAMILLUS","NY ",13031,9722,3154874656,"1-Regular school","1-Local school district","1-Currently operational ","2-No","2-No","2-No","41-Rural: Fringe","2-No","1-Yes","1-Eligible for Title I TAS provides no program","?",45060,"Syracuse-Auburn, NY",532,43.021841,-76.226087,420101060006,420101060000,3625,"2-No","?",0,39,0,61,62,75,72,82,0,0,0,0,0,0,0,25
4101,"SMITH ROAD ELEMENTARY SCHOOL","New York","New York","NY ","SMITH ROAD ELEMENTARY SCHOOL",362121003005,"NORTH SYRACUSE CENTRAL SCHOOL DISTRICT",3621210,"ONONDAGA COUNTY",36067,"Reported 7 categories",36,"1986-2010",NULL,"5959 SMITH RD","NORTH SYRACUSE","NY ",13212,2499,"5959 SMITH RD","NORTH SYRACUSE","NY ",13212,2499,3152182800,"1-Regular school","1-Local school district","1-Currently operational ","2-No","2-No","2-No","21-Suburb: Large","2-No","1-Yes","2-Eligible for Title I TAS provides TAS program","?",45060,"Syracuse-Auburn, NY",532,43.135134,-76.107303,420303060008,420303060000,3625,"2-No","?",0,60,14,95,114,90,98,0,0,0,0,0,0,0,0,32
4109,"SOLVAY ELEMENTARY SCHOOL","New York","New York","NY ","SOLVAY ELEMENTARY SCHOOL",362715003698,"SOLVAY UNION FREE SCHOOL DISTRICT",3627150,"ONONDAGA COUNTY",36067,"Reported 7 categories",36,"1986-2010",NULL,"701 WOODS RD","SOLVAY","NY ",13209,2099,"701 WOODS RD","SOLVAY","NY ",13209,2099,3154885422,"1-Regular school","1-Local school district","1-Currently operational ","2-No","2-No","2-No","21-Suburb: Large","1-Yes","1-Yes","3-Eligible for Title I SWP provides TAS program","?",45060,"Syracuse-Auburn, NY",532,43.058006,-76.207614,420702030001,420702030000,3625,"2-No","?",0,0,101,98,84,103,0,0,0,0,0,0,0,0,0,37
4110,"SOLVAY HIGH SCHOOL","New York","New York","NY ","SOLVAY HIGH SCHOOL",362715003699,"SOLVAY UNION FREE SCHOOL DISTRICT",3627150,"ONONDAGA COUNTY",36067,"Reported 7 categories",36,"1986-2010",NULL,"600 GERTRUDE AVE","SOLVAY","NY ",13209,1598,"600 GERTRUDE AVE","SOLVAY","NY ",13209,1598,3154682551,"1-Regular school","1-Local school district","1-Currently operational ","2-No","2-No","2-No","21-Suburb: Large","2-No","1-Yes","2-Eligible for Title I TAS provides TAS program","?",45060,"Syracuse-Auburn, NY",532,43.059022,-76.215513,420702030004,420702030000,3625,"2-No","?",0,0,0,0,0,0,0,0,0,0,0,169,152,142,134,53
4111,"SOLVAY MIDDLE SCHOOL","New York","New York","NY ","SOLVAY MIDDLE SCHOOL",362715005736,"SOLVAY UNION FREE SCHOOL DISTRICT",3627150,"ONONDAGA COUNTY",36067,"Reported 7 categories",36,"2004-2010","1986-2003","299 BURY DR","SYRACUSE","NY ",13209,1212,"299 BURY DR","SYRACUSE","NY ",13209,1212,3154877061,"1-Regular school","1-Local school district","1-Currently operational ","2-No","2-No","2-No","21-Suburb: Large","1-Yes","1-Yes","3-Eligible for Title I SWP provides TAS program","?",45060,"Syracuse-Auburn, NY",532,43.093606,-76.249356,420702030007,420702030000,3625,"2-No","?",0,0,0,0,0,0,101,89,104,106,104,0,0,0,0,48
4116,"SOULE ROAD ELEMENTARY SCHOOL","New York","New York","NY ","SOULE ROAD ELEMENTARY SCHOOL",361752001571,"LIVERPOOL CENTRAL SCHOOL DISTRICT",3617520,"ONONDAGA COUNTY",36067,"Reported 7 categories",36,"1986-2010",NULL,"8338 SOULE RD","LIVERPOOL","NY ",13090,1398,"8338 SOULE RD","LIVERPOOL","NY ",13090,1398,3154531280,"1-Regular school","1-Local school district","1-Currently operational ","2-No","2-No","2-No","21-Suburb: Large","2-No","1-Yes","1-Eligible for Title I TAS provides no program","?",45060,"Syracuse-Auburn, NY",532,43.174073,-76.226136,421501060013,421501060000,3625,"2-No","?",0,0,60,60,68,62,70,72,74,0,0,0,0,0,0,30
4117,"SOULE ROAD MIDDLE SCHOOL","New York","New York","NY ","SOULE ROAD MIDDLE SCHOOL",361752001572,"LIVERPOOL CENTRAL SCHOOL DISTRICT",3617520,"ONONDAGA COUNTY",36067,"Reported 7 categories",36,"1986-2010",NULL,"8340 SOULE RD","LIVERPOOL","NY ",13090,1397,"8340 SOULE RD","LIVERPOOL","NY ",13090,1397,3154531283,"1-Regular school","1-Local school district","1-Currently operational ","2-No","2-No","2-No","21-Suburb: Large","2-No","1-Yes","1-Eligible for Title I TAS provides no program","?",45060,"Syracuse-Auburn, NY",532,43.174147,-76.226141,421501060014,421501060000,3625,"2-No","?",0,0,0,0,0,0,0,0,0,245,233,0,0,0,0,35
4091,"SKANEATELES SENIOR HIGH SCHOOL","New York","New York","NY ","SKANEATELES SENIOR HIGH SCHOOL",362694003668,"SKANEATELES CENTRAL SCHOOL DISTRICT",3626940,"ONONDAGA COUNTY",36067,"Reported 7 categories",36,"1986-2010",NULL,"49 EAST ELIZABETH ST","SKANEATELES","NY ",13152,1398,"49 E ELIZABETH ST","SKANEATELES","NY ",13152,1398,3152912231,"1-Regular school","1-Local school district","1-Currently operational ","2-No","2-No","2-No","31-Town: Fringe","1-Yes","1-Yes","5-Eligible for Title I SWP provides SWP program","?",45060,"Syracuse-Auburn, NY",532,42.950054,-76.424461,421601060002,421601060000,3625,"2-No","?",0,0,0,0,0,0,0,0,0,0,0,124,128,141,131,45
4197,"STATE STREET INTERMEDIATE SCHOOL","New York","New York","NY ","STATE STREET INTERMEDIATE SCHOOL",362694003669,"SKANEATELES CENTRAL SCHOOL DISTRICT",3626940,"ONONDAGA COUNTY",36067,"Reported 7 categories",36,"1986-2010",NULL,"72 STATE ST","SKANEATELES","NY ",13152,1398,"72 STATE ST","SKANEATELES","NY ",13152,1398,3152912261,"1-Regular school","1-Local school district","1-Currently operational ","2-No","2-No","2-No","31-Town: Fringe","1-Yes","1-Yes","5-Eligible for Title I SWP provides SWP program","?",45060,"Syracuse-Auburn, NY",532,42.951375,-76.426132,421601060004,421601060000,3625,"2-No","?",0,0,0,0,0,119,98,117,0,0,0,0,0,0,0,30
4090,"SKANEATELES MIDDLE SCHOOL","New York","New York","NY ","SKANEATELES MIDDLE SCHOOL",362694003667,"SKANEATELES CENTRAL SCHOOL DISTRICT",3626940,"ONONDAGA COUNTY",36067,"Reported 7 categories",36,"1986-2010",NULL,"35 EAST ST","SKANEATELES","NY ",13152,1398,"35 EAST ST","SKANEATELES","NY ",13152,1398,3152912241,"1-Regular school","1-Local school district","1-Currently operational ","2-No","2-No","2-No","31-Town: Fringe","1-Yes","1-Yes","5-Eligible for Title I SWP provides SWP program","?",45060,"Syracuse-Auburn, NY",532,42.950804,-76.419903,421601060005,421601060000,3625,"2-No","?",0,0,0,0,0,0,0,0,124,134,145,0,0,0,0,32
4055,"SEYMOUR DUAL LANGUAGE ACADEMY","New York","New York","NY ","SEYMOUR DUAL LANGUAGE ACADEMY",362859003879,"SYRACUSE CITY SCHOOL DISTRICT",3628590,"ONONDAGA COUNTY",36067,"Reported 7 categories",36,"1986-2010",NULL,"108 SHONNARD ST","SYRACUSE","NY ",13204,3287,"108 SHONNARD ST","SYRACUSE","NY ",13204,3287,3154354645,"1-Regular school","1-Local school district","1-Currently operational ","2-No","2-No","2-No","12-City: Mid-size","1-Yes","1-Yes","5-Eligible for Title I SWP provides SWP program","?",45060,"Syracuse-Auburn, NY",532,43.041648,-76.159007,421800010028,421800010000,3625,"2-No","?",0,0,102,90,96,89,80,56,0,0,0,0,0,0,0,42
4163,"SOUTHSIDE ACADEMY CHARTER SCHOOL","New York","New York","NY ","SOUTHSIDE ACADEMY CHARTER SCHOOL",360007004898,"SOUTHSIDE ACADEMY CHARTER SCHOOL",3600070,"ONONDAGA COUNTY",36067,"Reported 7 categories",36,"2001-2010","1986-2000","2200 ONONDAGA CREEK BLVD","SYRACUSE","NY ",13207,NULL,"2200 ONONDAGA CREEK BLVD","SYRACUSE","NY ",13207,NULL,3154763019,"1-Regular school","7-Charter school agency","1-Currently operational ","1-Yes","2-No","2-No","12-City: Mid-size","1-Yes","1-Yes","5-Eligible for Title I SWP provides SWP program","?",45060,"Syracuse-Auburn, NY",532,43.012433,-76.153604,421800860845,421800860845,3625,"2-No","?",0,0,84,75,79,79,69,78,71,70,73,0,0,0,0,36
4211,"STONEHEDGE ELEMENTARY SCHOOL","New York","New York","NY ","STONEHEDGE ELEMENTARY SCHOOL",363063004116,"WEST GENESEE CENTRAL SCHOOL DISTRICT",3630630,"ONONDAGA COUNTY",36067,"Reported 7 categories",36,"1986-2010",NULL,"400 SANDERSON DR","CAMILLUS","NY ",13031,1699,"400 SANDERSON DR","CAMILLUS","NY ",13031,1699,3154874631,"1-Regular school","1-Local school district","1-Currently operational ","2-No","2-No","2-No","21-Suburb: Large","2-No","1-Yes","2-Eligible for Title I TAS provides TAS program","?",45060,"Syracuse-Auburn, NY",532,43.046006,-76.268275,420101060003,420101060000,3625,"2-No","?",0,139,0,124,135,168,168,155,0,0,0,0,0,0,0,60
4258,"TECUMSEH ELEMENTARY SCHOOL","New York","New York","NY ","TECUMSEH ELEMENTARY SCHOOL",360909004766,"JAMESVILLE-DEWITT CENTRAL SCHOOL DISTRICT",3609090,"ONONDAGA COUNTY",36067,"Reported 7 categories",36,"1990-2010","1986-1989","901 NOTTINGHAM RD","JAMESVILLE","NY ",13078,9976,"901 NOTTINGHAM RD","JAMESVILLE","NY ",13078,9976,3154458320,"1-Regular school","1-Local school district","1-Currently operational ","2-No","2-No","2-No","21-Suburb: Large","2-No","1-Yes","1-Eligible for Title I TAS provides no program","?",45060,"Syracuse-Auburn, NY",532,43.020109,-76.101453,420411060004,420411060000,3625,"2-No","?",0,0,65,85,74,80,74,0,0,0,0,0,0,0,0,25
4298,"THEODORE R DURGEE JUNIOR HIGH SCHOOL","New York","New York","NY ","THEODORE R DURGEE JUNIOR HIGH SCHOOL",360387000146,"BALDWINSVILLE CENTRAL SCHOOL DISTRICT",3603870,"ONONDAGA COUNTY",36067,"Reported 7 categories",36,"1986-2010",NULL,"29 EAST ONEIDA ST","BALDWINSVILLE","NY ",13027,2483,"29 E ONEIDA ST","BALDWINSVILLE","NY ",13027,2483,3156386086,"1-Regular school","1-Local school district","1-Currently operational ","2-No","2-No","2-No","21-Suburb: Large","1-Yes","1-Yes","5-Eligible for Title I SWP provides SWP program","?",45060,"Syracuse-Auburn, NY",532,43.162469,-76.330329,420901060006,420901060000,3625,"2-No","?",0,0,0,0,0,0,0,0,0,0,466,473,0,0,0,66
4238,"SYRACUSE ACADEMY OF SCIENCE CHARTER SCHOOL","New York","New York","NY ","SYRACUSE ACADEMY OF SCIENCE CHARTER SCHOOL",360010405549,"SYRACUSE ACADEMY OF SCIENCE CHARTER SCHOOL",3600104,"ONONDAGA COUNTY",36067,"Reported 7 categories",36,"2003-2010","1986-2002","1001 PARK AVE","SYRACUSE","NY ",13204,NULL,"1001 PARK AVE","SYRACUSE","NY ",13204,NULL,3154288997,"1-Regular school","7-Charter school agency","1-Currently operational ","1-Yes","2-No","2-No","12-City: Mid-size","1-Yes","1-Yes","3-Eligible for Title I SWP provides TAS program","?",45060,"Syracuse-Auburn, NY",532,43.052298,-76.179638,421800860854,421800860854,3625,"2-No","?",0,0,45,34,45,0,0,25,47,73,66,65,63,72,48,39
4367,"TULLY JUNIOR-SENIOR HIGH SCHOOL","New York","New York","NY ","TULLY JUNIOR-SENIOR HIGH SCHOOL",362913003927,"TULLY CENTRAL SCHOOL DISTRICT",3629130,"ONONDAGA COUNTY",36067,"Reported 7 categories",36,"1986-2010",NULL,"5848ROUTE 80","TULLY","NY ",13159,628,"PO BOX 628","TULLY","NY ",13159,628,3156966235,"1-Regular school","1-Local school district","1-Currently operational ","2-No","2-No","2-No","42-Rural: Distant","2-No","1-Yes","1-Eligible for Title I TAS provides no program","?",45060,"Syracuse-Auburn, NY",532,42.797701,-76.115014,421902040001,421902040000,3625,"2-No","?",0,0,0,0,0,0,0,0,0,74,93,88,88,98,91,43
4366,"TULLY ELEMENTARY SCHOOL","New York","New York","NY ","TULLY ELEMENTARY SCHOOL",362913003926,"TULLY CENTRAL SCHOOL DISTRICT",3629130,"ONONDAGA COUNTY",36067,"Reported 7 categories",36,"1986-2010",NULL,"20 STATE ST","TULLY","NY ",13159,628,"PO BOX 628","TULLY","NY ",13159,628,3156966213,"1-Regular school","1-Local school district","1-Currently operational ","2-No","2-No","2-No","42-Rural: Distant","2-No","1-Yes","2-Eligible for Title I TAS provides TAS program","?",45060,"Syracuse-Auburn, NY",532,42.796451,-76.110069,421902040002,421902040000,3625,"2-No","?",0,0,62,62,55,74,56,89,80,0,0,0,0,0,0,42
4586,"WEST GENESEE MIDDLE SCHOOL","New York","New York","NY ","WEST GENESEE MIDDLE SCHOOL",363063004118,"WEST GENESEE CENTRAL SCHOOL DISTRICT",3630630,"ONONDAGA COUNTY",36067,"Reported 7 categories",36,"1986-2010",NULL,"500 SANDERSON DR","CAMILLUS","NY ",13031,1698,"500 SANDERSON DR","CAMILLUS","NY ",13031,1698,3154874615,"1-Regular school","1-Local school district","1-Currently operational ","2-No","2-No","2-No","21-Suburb: Large","2-No","1-Yes","2-Eligible for Title I TAS provides TAS program","?",45060,"Syracuse-Auburn, NY",532,43.045968,-76.268866,420101060008,420101060000,3625,"2-No","?",0,0,0,0,0,0,0,0,212,225,227,0,0,0,0,51
4587,"WEST GENESEE SENIOR HIGH SCHOOL","New York","New York","NY ","WEST GENESEE SENIOR HIGH SCHOOL",363063004119,"WEST GENESEE CENTRAL SCHOOL DISTRICT",3630630,"ONONDAGA COUNTY",36067,"Reported 7 categories",36,"1986-2010",NULL,"5201 WEST GENESEE ST","CAMILLUS","NY ",13031,2299,"5201 W GENESEE ST","CAMILLUS","NY ",13031,2299,3154874592,"1-Regular school","1-Local school district","1-Currently operational ","2-No","2-No","2-No","21-Suburb: Large","2-No","1-Yes","1-Eligible for Title I TAS provides no program","?",45060,"Syracuse-Auburn, NY",532,43.041343,-76.26536,420101060009,420101060000,3625,"2-No","?",0,0,0,0,0,0,0,0,0,0,0,425,436,396,411,110
4627,"WESTHILL HIGH SCHOOL","New York","New York","NY ","WESTHILL HIGH SCHOOL",360732000524,"WESTHILL CENTRAL SCHOOL DISTRICT",3607320,"ONONDAGA COUNTY",36067,"Reported 7 categories",36,"1986-2010",NULL,"4501 ONONDAGA BLVD","SYRACUSE","NY ",13219,3318,"4501 ONONDAGA BLVD","SYRACUSE","NY ",13219,3318,3154263100,"1-Regular school","1-Local school district","1-Currently operational ","2-No","2-No","2-No","21-Suburb: Large","2-No","1-Yes","1-Eligible for Title I TAS provides no program","?",45060,"Syracuse-Auburn, NY",532,43.028854,-76.202388,420701060001,420701060000,3625,"2-No","?",0,0,0,0,0,0,0,0,0,0,0,156,144,166,144,52
4491,"WALBERTA PARK PRIMARY SCHOOL","New York","New York","NY ","WALBERTA PARK PRIMARY SCHOOL",360732004582,"WESTHILL CENTRAL SCHOOL DISTRICT",3607320,"ONONDAGA COUNTY",36067,"Reported 7 categories",36,"1987-2010",1986,"400 WALBERTA RD","SYRACUSE","NY ",13219,2214,"400 WALBERTA RD","SYRACUSE","NY ",13219,2214,3154263200,"1-Regular school","1-Local school district","1-Currently operational ","2-No","2-No","2-No","21-Suburb: Large","2-No","1-Yes","2-Eligible for Title I TAS provides TAS program","?",45060,"Syracuse-Auburn, NY",532,43.042049,-76.222956,420701060003,420701060000,3625,"2-No","?",0,111,0,128,147,0,0,0,0,0,0,0,0,0,0,27
4437,"VAN BUREN ELEMENTARY SCHOOL","New York","New York","NY ","VAN BUREN ELEMENTARY SCHOOL",360387000147,"BALDWINSVILLE CENTRAL SCHOOL DISTRICT",3603870,"ONONDAGA COUNTY",36067,"Reported 7 categories",36,"1986-2010",NULL,"14 FORD ST","BALDWINSVILLE","NY ",13027,2396,"14 FORD ST","BALDWINSVILLE","NY ",13027,2396,3156386121,"1-Regular school","1-Local school district","1-Currently operational ","2-No","2-No","2-No","21-Suburb: Large","1-Yes","1-Yes","5-Eligible for Title I SWP provides SWP program","?",45060,"Syracuse-Auburn, NY",532,43.153561,-76.343008,420901060005,420901060000,3625,"2-No","?",0,63,0,60,67,85,72,80,0,0,0,0,0,0,0,28
4571,"WELLWOOD MIDDLE SCHOOL","New York","New York","NY ","WELLWOOD MIDDLE SCHOOL",361833001658,"FAYETTEVILLE-MANLIUS CENTRAL SCHOOL DISTRICT",3618330,"ONONDAGA COUNTY",36067,"Reported 7 categories",36,"1986-2010",NULL,"700 SOUTH MANLIUS ST","FAYETTEVILLE","NY ",13066,2599,"700 S MANLIUS ST","FAYETTEVILLE","NY ",13066,2599,3156921300,"1-Regular school","1-Local school district","1-Currently operational ","2-No","2-No","2-No","21-Suburb: Large","2-No","1-Yes","2-Eligible for Title I TAS provides TAS program","?",45060,"Syracuse-Auburn, NY",532,43.022829,-75.999626,421001060006,421001060000,3625,"2-No","?",0,0,0,0,0,0,0,157,186,175,173,0,0,0,0,56
4641,"WHEELER ELEMENTARY SCHOOL","New York","New York","NY ","WHEELER ELEMENTARY SCHOOL",362181003100,"ONONDAGA CENTRAL SCHOOL DISTRICT",3621810,"ONONDAGA COUNTY",36067,"Reported 7 categories",36,"1986-2010",NULL,"4543 SOUTH ONONDAGA RD","NEDROW","NY ",13120,9715,"4543 S ONONDAGA RD","NEDROW","NY ",13120,9715,3155525050,"1-Regular school","1-Local school district","1-Currently operational ","2-No","2-No","2-No","41-Rural: Fringe","2-No","1-Yes","2-Eligible for Title I TAS provides TAS program","?",45060,"Syracuse-Auburn, NY",532,42.931779,-76.201513,421201040002,421201040000,3625,"2-No","?",0,0,0,0,0,77,68,63,59,0,0,0,0,0,0,17
4537,"WATERMAN ELEMENTARY SCHOOL","New York","New York","NY ","WATERMAN ELEMENTARY SCHOOL",362694003670,"SKANEATELES CENTRAL SCHOOL DISTRICT",3626940,"ONONDAGA COUNTY",36067,"Reported 7 categories",36,"1986-2010",NULL,"55 EAST ST","SKANEATELES","NY ",13152,1398,"55 EAST ST","SKANEATELES","NY ",13152,1398,3152912351,"1-Regular school","1-Local school district","1-Currently operational ","2-No","2-No","2-No","31-Town: Fringe","1-Yes","1-Yes","5-Eligible for Title I SWP provides SWP program","?",45060,"Syracuse-Auburn, NY",532,42.953168,-76.421026,421601060003,421601060000,3625,"2-No","?",0,89,0,97,100,0,0,0,0,0,0,0,0,0,0,26
4440,"VAN DUYN ELEMENTARY SCHOOL","New York","New York","NY ","VAN DUYN ELEMENTARY SCHOOL",362859003881,"SYRACUSE CITY SCHOOL DISTRICT",3628590,"ONONDAGA COUNTY",36067,"Reported 7 categories",36,"1986-2010",NULL,"401 LOOMIS AVE","SYRACUSE","NY ",13207,2599,"401 LOOMIS AVE","SYRACUSE","NY ",13207,2599,3154354660,"1-Regular school","1-Local school district","1-Currently operational ","2-No","2-No","2-No","12-City: Mid-size","1-Yes","1-Yes","5-Eligible for Title I SWP provides SWP program","?",45060,"Syracuse-Auburn, NY",532,43.006981,-76.153356,421800010006,421800010000,3625,"2-No","?",0,0,51,52,57,56,57,63,0,0,0,0,0,0,0,28
4560,"WEBSTER ELEMENTARY SCHOOL","New York","New York","NY ","WEBSTER ELEMENTARY SCHOOL",362859003883,"SYRACUSE CITY SCHOOL DISTRICT",3628590,"ONONDAGA COUNTY",36067,"Reported 7 categories",36,"1986-2010",NULL,"500 WADSWORTH ST","SYRACUSE","NY ",13208,3035,"500 WADSWORTH ST","SYRACUSE","NY ",13208,3035,3154354670,"1-Regular school","1-Local school district","1-Currently operational ","2-No","2-No","2-No","12-City: Mid-size","1-Yes","1-Yes","5-Eligible for Title I SWP provides SWP program","?",45060,"Syracuse-Auburn, NY",532,43.074959,-76.139157,421800010043,421800010000,3625,"2-No","?",0,0,102,101,102,101,101,87,0,0,0,0,0,0,0,40
4721,"WOODLAND ELEMENTARY SCHOOL","New York","New York","NY ","WOODLAND ELEMENTARY SCHOOL",360999000779,"EAST SYRACUSE-MINOA CENTRAL SCHOOL DISTRICT",3609990,"ONONDAGA COUNTY",36067,"Reported 7 categories",36,"1986-2010",NULL,"6316 FREMONT RD","EAST SYRACUSE","NY ",13057,9499,"6316 FREMONT RD","EAST SYRACUSE","NY ",13057,9499,3154343440,"1-Regular school","1-Local school district","1-Currently operational ","2-No","2-No","2-No","41-Rural: Fringe","2-No","1-Yes","2-Eligible for Title I TAS provides TAS program","?",45060,"Syracuse-Auburn, NY",532,43.076957,-76.028204,420401060004,420401060000,3625,"2-No","?",0,0,68,49,55,59,61,51,0,0,0,0,0,0,0,32
4694,"WILLOW FIELD ELEMENTARY SCHOOL","New York","New York","NY ","WILLOW FIELD ELEMENTARY SCHOOL",361752004720,"LIVERPOOL CENTRAL SCHOOL DISTRICT",3617520,"ONONDAGA COUNTY",36067,"Reported 7 categories",36,"1989-2010","1986-1988","3900ROUTE 31","LIVERPOOL","NY ",13090,1312,"3900 RT 31","LIVERPOOL","NY ",13090,1312,3154531196,"1-Regular school","1-Local school district","1-Currently operational ","2-No","2-No","2-No","21-Suburb: Large","2-No","1-Yes","1-Eligible for Title I TAS provides no program","?",45060,"Syracuse-Auburn, NY",532,43.185164,-76.242766,421501060019,421501060000,3625,"2-No","?",0,0,62,60,60,71,77,90,72,0,0,0,0,0,0,34
