96,"ALLEGANY-LIMESTONE ELEMENTARY SCHOOL","New York","New York","NY ","ALLEGANY-LIMESTONE ELEMENTARY SCHOOL",360001500052,"ALLEGANY-LIMESTONE CENTRAL SCHOOL DISTRICT",3600015,"CATTARAUGUS COUNTY",36009,"Reported 7 categories",36,"1995-2010","1986-1994","120 MAPLE AVE","ALLEGANY","NY ",14706,1038,"120 MAPLE AVE","ALLEGANY","NY ",14706,1038,7163756600,"1-Regular school","1-Local school district","1-Currently operational ","2-No","2-No","2-No","33-Town: Remote","2-No","1-Yes","2-Eligible for Title I TAS provides TAS program","?",36460,"Buffalo-Niagara-Cattaraugus, NY",160,42.095349,-78.495311,40302060002,40302060000,3629,"2-No","?",NULL,NULL,NULL,NULL,NULL,NULL,NULL,NULL,NULL,NULL,NULL,NULL,NULL,NULL,NULL,NULL
97,"ALLEGANY-LIMESTONE HIGH SCHOOL","New York","New York","NY ","ALLEGANY-LIMESTONE HIGH SCHOOL",360001500053,"ALLEGANY-LIMESTONE CENTRAL SCHOOL DISTRICT",3600015,"CATTARAUGUS COUNTY",36009,"Reported 7 categories",36,"1995-2010","1986-1994","3131 FIVE MILE RD","ALLEGANY","NY ",14706,9627,"3131 FIVE MILE RD","ALLEGANY","NY ",14706,9627,7163756600,"1-Regular school","1-Local school district","1-Currently operational ","2-No","2-No","2-No","41-Rural: Fringe","2-No","1-Yes","1-Eligible for Title I TAS provides no program","?",36460,"Buffalo-Niagara-Cattaraugus, NY",160,42.132186,-78.502155,40302060001,40302060000,3629,"2-No","?",NULL,NULL,NULL,NULL,NULL,NULL,NULL,NULL,NULL,NULL,NULL,NULL,NULL,NULL,NULL,NULL
98,"ALLEGANY-LIMESTONE MIDDLE SCHOOL","New York","New York","NY ","ALLEGANY-LIMESTONE MIDDLE SCHOOL",360001504317,"ALLEGANY-LIMESTONE CENTRAL SCHOOL DISTRICT",3600015,"CATTARAUGUS COUNTY",36009,"Reported 7 categories",36,"2000-2010","1986-1999","3131 FIVE MILE RD","ALLEGANY","NY ",14706,9627,"3131 FIVE MILE RD","ALLEGANY","NY ",14706,9627,7163756600,"1-Regular school","1-Local school district","1-Currently operational ","2-No","2-No","2-No","41-Rural: Fringe","2-No","1-Yes","1-Eligible for Title I TAS provides no program","?",36460,"Buffalo-Niagara-Cattaraugus, NY",160,42.132186,-78.502155,40302060004,40302060000,3629,"2-No","?",NULL,NULL,NULL,NULL,NULL,NULL,NULL,NULL,NULL,NULL,NULL,NULL,NULL,NULL,NULL,NULL
310,"BOARDMANVILLE ELEMENTARY SCHOOL","New York","New York","NY ","BOARDMANVILLE ELEMENTARY SCHOOL",362172003075,"OLEAN CITY SCHOOL DISTRICT",3621720,"CATTARAUGUS COUNTY",36009,"Reported 7 categories",36,"1986-2010",NULL,"622 MAIN ST","OLEAN","NY ",14760,1516,"622 MAIN ST","OLEAN","NY ",14760,1516,7163758900,"1-Regular school","1-Local school district","1-Currently operational ","2-No","2-No","2-No","33-Town: Remote","2-No","1-Yes","1-Eligible for Title I TAS provides no program","?",36460,"Buffalo-Niagara-Cattaraugus, NY",160,42.091153,-78.426132,42400010005,42400010000,3629,"2-No","?",NULL,NULL,NULL,NULL,NULL,NULL,NULL,NULL,NULL,NULL,NULL,NULL,NULL,NULL,NULL,NULL
556,"CATTARAUGUS-ALLEGANY-ERIE-WYOMING BOCES","New York","New York","NY ","CATTARAUGUS-ALLEGANY-ERIE-WYOMING BOCES",368015004626,"CATTARAUGUS-ALLEGANY-ERIE-WYOMING BOCES",3680150,"CATTARAUGUS COUNTY",36009,"Reported 7 categories",36,"1987-2010",1986,"1825 WINDFALL RD","OLEAN","NY ",14760,9303,"1825 WINDFALL RD","OLEAN","NY ",14760,9303,7163768223,"2-Special education school","4-Regional education services agency","1-Currently operational ","2-No","?","2-No","41-Rural: Fringe","?","?","?","?",36460,"Buffalo-Niagara-Cattaraugus, NY",160,42.094192,-78.405828,49000000000,49000000000,3629,"2-No","?",NULL,NULL,NULL,NULL,NULL,NULL,NULL,NULL,NULL,NULL,NULL,NULL,NULL,NULL,NULL,NULL
557,"CATTARAUGUS-LITTLE VALLEY HIGH SCHOOL","New York","New York","NY ","CATTARAUGUS-LITTLE VALLEY HIGH SCHOOL",360002404324,"CATTARAUGUS-LITTLE VALLEY CENTRAL SCHOOL DISTRICT",3600024,"CATTARAUGUS COUNTY",36009,"Reported 7 categories",36,"2000-2010","1986-1999","25 FRANKLIN ST NORTH","CATTARAUGUS","NY ",14719,1199,"25 FRANKLIN ST N","CATTARAUGUS","NY ",14719,1199,7162573483,"1-Regular school","1-Local school district","1-Currently operational ","2-No","2-No","2-No","42-Rural: Distant","2-No","1-Yes","1-Eligible for Title I TAS provides no program","?",36460,"Buffalo-Niagara-Cattaraugus, NY",160,42.334299,-78.861778,42302040003,42302040000,3629,"2-No","?",NULL,NULL,NULL,NULL,NULL,NULL,NULL,NULL,NULL,NULL,NULL,NULL,NULL,NULL,NULL,NULL
558,"CATTARAUGUS-LITTLE VALLEY INTERMEDIATE SCHOOL","New York","New York","NY ","CATTARAUGUS-LITTLE VALLEY INTERMEDIATE SCHOOL",360002404321,"CATTARAUGUS-LITTLE VALLEY CENTRAL SCHOOL DISTRICT",3600024,"CATTARAUGUS COUNTY",36009,"Reported 7 categories",36,"2000-2010","1986-1999","207 ROCK CITY ST","LITTLE VALLEY","NY ",14755,1298,"207 ROCK CITY ST","LITTLE VALLEY","NY ",14755,1298,7169389155,"1-Regular school","1-Local school district","1-Currently operational ","2-No","2-No","2-No","42-Rural: Distant","2-No","1-Yes","2-Eligible for Title I TAS provides TAS program","?",36460,"Buffalo-Niagara-Cattaraugus, NY",160,42.248692,-78.797539,42302040001,42302040000,3629,"2-No","?",NULL,NULL,NULL,NULL,NULL,NULL,NULL,NULL,NULL,NULL,NULL,NULL,NULL,NULL,NULL,NULL
559,"CATTARAUGUS-LITTLE VALLEY MIDDLE SCHOOL","New York","New York","NY ","CATTARAUGUS-LITTLE VALLEY MIDDLE SCHOOL",360002404857,"CATTARAUGUS-LITTLE VALLEY CENTRAL SCHOOL DISTRICT",3600024,"CATTARAUGUS COUNTY",36009,"Reported 7 categories",36,"2001-2010","1986-2000","25 FRANKLIN ST NORTH","CATTARAUGUS","NY ",14719,1199,"25 FRANKLIN ST N","CATTARAUGUS","NY ",14719,1199,7162573483,"1-Regular school","1-Local school district","1-Currently operational ","2-No","2-No","2-No","42-Rural: Distant","2-No","1-Yes","1-Eligible for Title I TAS provides no program","?",36460,"Buffalo-Niagara-Cattaraugus, NY",160,42.334299,-78.861778,42302040004,42302040000,3629,"2-No","?",NULL,NULL,NULL,NULL,NULL,NULL,NULL,NULL,NULL,NULL,NULL,NULL,NULL,NULL,NULL,NULL
560,"CATTARAUGUS-LITTLE VALLEY PRIMARY SCHOOL","New York","New York","NY ","CATTARAUGUS-LITTLE VALLEY PRIMARY SCHOOL",360002404322,"CATTARAUGUS-LITTLE VALLEY CENTRAL SCHOOL DISTRICT",3600024,"CATTARAUGUS COUNTY",36009,"Reported 7 categories",36,"2000-2010","1986-1999","25 FRANKLIN ST NORTH","CATTARAUGUS","NY ",14719,1199,"25 FRANKLIN ST N","CATTARAUGUS","NY ",14719,1199,7162573436,"1-Regular school","1-Local school district","1-Currently operational ","2-No","2-No","2-No","42-Rural: Distant","1-Yes","1-Yes","3-Eligible for Title I SWP provides TAS program","?",36460,"Buffalo-Niagara-Cattaraugus, NY",160,42.334299,-78.861778,42302040002,42302040000,3629,"2-No","?",NULL,NULL,NULL,NULL,NULL,NULL,NULL,NULL,NULL,NULL,NULL,NULL,NULL,NULL,NULL,NULL
840,"DELEVAN ELEMENTARY SCHOOL","New York","New York","NY ","DELEVAN ELEMENTARY SCHOOL",360897000684,"YORKSHIRE-PIONEER CENTRAL SCHOOL DISTRICT",3608970,"CATTARAUGUS COUNTY",36009,"Reported 7 categories",36,"1986-2010",NULL,"30 SCHOOL ST","DELEVAN","NY ",14042,217,"PO BOX 217","DELEVAN","NY ",14042,217,7164929463,"1-Regular school","1-Local school district","1-Currently operational ","2-No","2-No","2-No","32-Town: Distant","1-Yes","1-Yes","5-Eligible for Title I SWP provides SWP program","?",36460,"Buffalo-Niagara-Cattaraugus, NY",160,42.491501,-78.479069,43501060001,43501060000,3629,"2-No","?",NULL,NULL,NULL,NULL,NULL,NULL,NULL,NULL,NULL,NULL,NULL,NULL,NULL,NULL,NULL,NULL
973,"EAST VIEW ELEMENTARY SCHOOL","New York","New York","NY ","EAST VIEW ELEMENTARY SCHOOL",362172003077,"OLEAN CITY SCHOOL DISTRICT",3621720,"CATTARAUGUS COUNTY",36009,"Reported 7 categories",36,"1986-2010",NULL,"690 EAST SPRING ST","OLEAN","NY ",14760,2999,"690 E SPRING ST","OLEAN","NY ",14760,2999,7163758920,"1-Regular school","1-Local school district","1-Currently operational ","2-No","2-No","2-No","33-Town: Remote","1-Yes","1-Yes","3-Eligible for Title I SWP provides TAS program","?",36460,"Buffalo-Niagara-Cattaraugus, NY",160,42.082489,-78.414067,42400010004,42400010000,3629,"2-No","?",NULL,NULL,NULL,NULL,NULL,NULL,NULL,NULL,NULL,NULL,NULL,NULL,NULL,NULL,NULL,NULL
1022,"ELLICOTTVILLE ELEMENTARY SCHOOL","New York","New York","NY ","ELLICOTTVILLE ELEMENTARY SCHOOL",361053005577,"ELLICOTTVILLE CENTRAL SCHOOL DISTRICT",3610530,"CATTARAUGUS COUNTY",36009,"Reported 7 categories",36,"2003-2010","1986-2002","5873ROUTE 219","ELLICOTTVILLE","NY ",14731,9719,"PO BOX 51","ELLICOTTVILLE","NY ",14731,9719,7166992318,"1-Regular school","1-Local school district","1-Currently operational ","2-No","2-No","2-No","42-Rural: Distant","2-No","1-Yes","2-Eligible for Title I TAS provides TAS program","?",36460,"Buffalo-Niagara-Cattaraugus, NY",160,42.25476,-78.651037,40901040001,40901040000,3629,"2-No","?",NULL,NULL,NULL,NULL,NULL,NULL,NULL,NULL,NULL,NULL,NULL,NULL,NULL,NULL,NULL,NULL
1023,"ELLICOTTVILLE MIDDLE SCHOOL HIGH SCHOOL","New York","New York","NY ","ELLICOTTVILLE MIDDLE SCHOOL HIGH SCHOOL",361053004318,"ELLICOTTVILLE CENTRAL SCHOOL DISTRICT",3610530,"CATTARAUGUS COUNTY",36009,"Reported 7 categories",36,"2000-2010","1986-1999","5873ROUTE 219","ELLICOTTVILLE","NY ",14731,9719,"PO BOX 51","ELLICOTTVILLE","NY ",14731,9719,7166992316,"1-Regular school","1-Local school district","1-Currently operational ","2-No","2-No","2-No","42-Rural: Distant","2-No","1-Yes","2-Eligible for Title I TAS provides TAS program","?",36460,"Buffalo-Niagara-Cattaraugus, NY",160,42.25476,-78.651037,40901040002,40901040000,3629,"2-No","?",NULL,NULL,NULL,NULL,NULL,NULL,NULL,NULL,NULL,NULL,NULL,NULL,NULL,NULL,NULL,NULL
1196,"FRANKLINVILLE ELEMENTARY SCHOOL","New York","New York","NY ","FRANKLINVILLE ELEMENTARY SCHOOL",361149000904,"FRANKLINVILLE CENTRAL SCHOOL DISTRICT",3611490,"CATTARAUGUS COUNTY",36009,"Reported 7 categories",36,"1986-2010",NULL,"32 NORTH MAIN ST","FRANKLINVILLE","NY ",14737,1096,"32 N MAIN ST","FRANKLINVILLE","NY ",14737,1096,7166768020,"1-Regular school","1-Local school district","1-Currently operational ","2-No","2-No","2-No","42-Rural: Distant","1-Yes","1-Yes","5-Eligible for Title I SWP provides SWP program","?",36460,"Buffalo-Niagara-Cattaraugus, NY",160,42.334327,-78.458878,41101040003,41101040000,3629,"2-No","?",NULL,NULL,NULL,NULL,NULL,NULL,NULL,NULL,NULL,NULL,NULL,NULL,NULL,NULL,NULL,NULL
1197,"FRANKLINVILLE JUNIOR-SENIOR HIGH SCHOOL","New York","New York","NY ","FRANKLINVILLE JUNIOR-SENIOR HIGH SCHOOL",361149000905,"FRANKLINVILLE CENTRAL SCHOOL DISTRICT",3611490,"CATTARAUGUS COUNTY",36009,"Reported 7 categories",36,"1986-2010",NULL,"31 NORTH MAIN ST","FRANKLINVILLE","NY ",14737,1097,"31 N MAIN ST","FRANKLINVILLE","NY ",14737,1097,7166768060,"1-Regular school","1-Local school district","1-Currently operational ","2-No","2-No","2-No","42-Rural: Distant","1-Yes","1-Yes","5-Eligible for Title I SWP provides SWP program","?",36460,"Buffalo-Niagara-Cattaraugus, NY",160,42.339643,-78.456931,41101040002,41101040000,3629,"2-No","?",NULL,NULL,NULL,NULL,NULL,NULL,NULL,NULL,NULL,NULL,NULL,NULL,NULL,NULL,NULL,NULL
1234,"G N CHAPMAN ELEMENTARY SCHOOL","New York","New York","NY ","G N CHAPMAN ELEMENTARY SCHOOL",362409003320,"RANDOLPH CENTRAL SCHOOL DISTRICT",3624090,"CATTARAUGUS COUNTY",36009,"Reported 7 categories",36,"1986-2010",NULL,"22 MAIN ST","RANDOLPH","NY ",14772,1188,"22 MAIN ST","RANDOLPH","NY ",14772,1188,7163587030,"1-Regular school","1-Local school district","1-Currently operational ","2-No","2-No","2-No","42-Rural: Distant","1-Yes","1-Yes","3-Eligible for Title I SWP provides TAS program","?",36460,"Buffalo-Niagara-Cattaraugus, NY",160,42.172626,-78.947406,43001040003,43001040000,3629,"2-No","?",NULL,NULL,NULL,NULL,NULL,NULL,NULL,NULL,NULL,NULL,NULL,NULL,NULL,NULL,NULL,NULL
1344,"GOWANDA HIGH SCHOOL","New York","New York","NY ","GOWANDA HIGH SCHOOL",361239001007,"GOWANDA CENTRAL SCHOOL DISTRICT",3612390,"CATTARAUGUS COUNTY",36009,"Reported 7 categories",36,"1986-2010",NULL,"10674 PROSPECT ST","GOWANDA","NY ",14070,1384,"10674 PROSPECT ST","GOWANDA","NY ",14070,1384,7165323325,"1-Regular school","1-Local school district","1-Currently operational ","2-No","2-No","2-No","41-Rural: Fringe","2-No","1-Yes","2-Eligible for Title I TAS provides TAS program","?",36460,"Buffalo-Niagara-Cattaraugus, NY",160,42.463827,-78.947939,42801060006,42801060000,3629,"2-No","?",NULL,NULL,NULL,NULL,NULL,NULL,NULL,NULL,NULL,NULL,NULL,NULL,NULL,NULL,NULL,NULL
1345,"GOWANDA MIDDLE SCHOOL","New York","New York","NY ","GOWANDA MIDDLE SCHOOL",361239004858,"GOWANDA CENTRAL SCHOOL DISTRICT",3612390,"CATTARAUGUS COUNTY",36009,"Reported 7 categories",36,"2001-2010","1986-2000","10674 PROSPECT ST","GOWANDA","NY ",14070,1384,"10674 PROSPECT ST","GOWANDA","NY ",14070,1384,7165323325,"1-Regular school","1-Local school district","1-Currently operational ","2-No","2-No","2-No","41-Rural: Fringe","1-Yes","1-Yes","3-Eligible for Title I SWP provides TAS program","?",36460,"Buffalo-Niagara-Cattaraugus, NY",160,42.463827,-78.947939,42801060005,42801060000,3629,"2-No","?",NULL,NULL,NULL,NULL,NULL,NULL,NULL,NULL,NULL,NULL,NULL,NULL,NULL,NULL,NULL,NULL
1593,"HINSDALE CENTRAL SCHOOL","New York","New York","NY ","HINSDALE CENTRAL SCHOOL",361449001203,"HINSDALE CENTRAL SCHOOL DISTRICT",3614490,"CATTARAUGUS COUNTY",36009,"Reported 7 categories",36,"1986-2010",NULL,"3701 MAIN ST","HINSDALE","NY ",14743,278,"PO BOX 278","HINSDALE","NY ",14743,278,7165572227,"1-Regular school","1-Local school district","1-Currently operational ","2-No","2-No","2-No","33-Town: Remote","1-Yes","1-Yes","3-Eligible for Title I SWP provides TAS program","?",36460,"Buffalo-Niagara-Cattaraugus, NY",160,42.156631,-78.396224,41401040001,41401040000,3629,"2-No","?",NULL,NULL,NULL,NULL,NULL,NULL,NULL,NULL,NULL,NULL,NULL,NULL,NULL,NULL,NULL,NULL
1788,"IVERS J NORTON ELEMENTARY SCHOOL","New York","New York","NY ","IVERS J NORTON ELEMENTARY SCHOOL",362172003079,"OLEAN CITY SCHOOL DISTRICT",3621720,"CATTARAUGUS COUNTY",36009,"Reported 7 categories",36,"1986-2010",NULL,"411 WEST HENLEY ST","OLEAN","NY ",14760,3596,"411 W HENLEY ST","OLEAN","NY ",14760,3596,7163758940,"1-Regular school","1-Local school district","1-Currently operational ","2-No","2-No","2-No","33-Town: Remote","1-Yes","1-Yes","3-Eligible for Title I SWP provides TAS program","?",36460,"Buffalo-Niagara-Cattaraugus, NY",160,42.075463,-78.434012,42400010010,42400010000,3629,"2-No","?",NULL,NULL,NULL,NULL,NULL,NULL,NULL,NULL,NULL,NULL,NULL,NULL,NULL,NULL,NULL,NULL
2686,"OLEAN MIDDLE SCHOOL","New York","New York","NY ","OLEAN MIDDLE SCHOOL",362172003081,"OLEAN CITY SCHOOL DISTRICT",3621720,"CATTARAUGUS COUNTY",36009,"Reported 7 categories",36,"1986-2010",NULL,"401 WAYNE ST","OLEAN","NY ",14760,9998,"401 WAYNE ST","OLEAN","NY ",14760,9998,7163758060,"1-Regular school","1-Local school district","1-Currently operational ","2-No","2-No","2-No","33-Town: Remote","1-Yes","1-Yes","3-Eligible for Title I SWP provides TAS program","?",36460,"Buffalo-Niagara-Cattaraugus, NY",160,42.085123,-78.433453,42400010016,42400010000,3629,"2-No","?",NULL,NULL,NULL,NULL,NULL,NULL,NULL,NULL,NULL,NULL,NULL,NULL,NULL,NULL,NULL,NULL
2687,"OLEAN SENIOR HIGH SCHOOL","New York","New York","NY ","OLEAN SENIOR HIGH SCHOOL",362172003082,"OLEAN CITY SCHOOL DISTRICT",3621720,"CATTARAUGUS COUNTY",36009,"Reported 7 categories",36,"1986-2010",NULL,"410 WEST SULLIVAN ST","OLEAN","NY ",14760,2596,"410 W SULLIVAN ST","OLEAN","NY ",14760,2596,7163758010,"1-Regular school","1-Local school district","1-Currently operational ","2-No","2-No","2-No","33-Town: Remote","2-No","1-Yes","1-Eligible for Title I TAS provides no program","?",36460,"Buffalo-Niagara-Cattaraugus, NY",160,42.081544,-78.434085,42400010013,42400010000,3629,"2-No","?",NULL,NULL,NULL,NULL,NULL,NULL,NULL,NULL,NULL,NULL,NULL,NULL,NULL,NULL,NULL,NULL
2865,"PIONEER MIDDLE SCHOOL","New York","New York","NY ","PIONEER MIDDLE SCHOOL",360897000685,"YORKSHIRE-PIONEER CENTRAL SCHOOL DISTRICT",3608970,"CATTARAUGUS COUNTY",36009,"Reported 7 categories",36,"1986-2010",NULL,"12132 OLD OLEAN RD","YORKSHIRE","NY ",14173,619,"PO BOX 619","YORKSHIRE","NY ",14173,619,7164929375,"1-Regular school","1-Local school district","1-Currently operational ","2-No","2-No","2-No","32-Town: Distant","1-Yes","1-Yes","3-Eligible for Title I SWP provides TAS program","?",36460,"Buffalo-Niagara-Cattaraugus, NY",160,42.525561,-78.47222,43501060004,43501060000,3629,"2-No","?",NULL,NULL,NULL,NULL,NULL,NULL,NULL,NULL,NULL,NULL,NULL,NULL,NULL,NULL,NULL,NULL
2866,"PIONEER SENIOR HIGH SCHOOL","New York","New York","NY ","PIONEER SENIOR HIGH SCHOOL",360897000686,"YORKSHIRE-PIONEER CENTRAL SCHOOL DISTRICT",3608970,"CATTARAUGUS COUNTY",36009,"Reported 7 categories",36,"1986-2010",NULL,"12125 COUNTY LINE RD","YORKSHIRE","NY ",14173,639,"PO BOX 619","YORKSHIRE","NY ",14173,639,7164929328,"1-Regular school","1-Local school district","1-Currently operational ","2-No","2-No","2-No","32-Town: Distant","?","2-No","6-Not eligible for either TAS or SWP","?",36460,"Buffalo-Niagara-Cattaraugus, NY",160,42.524469,-78.464319,43501060006,43501060000,3629,"2-No","?",NULL,NULL,NULL,NULL,NULL,NULL,NULL,NULL,NULL,NULL,NULL,NULL,NULL,NULL,NULL,NULL
2901,"PORTVILLE ELEMENTARY SCHOOL","New York","New York","NY ","PORTVILLE ELEMENTARY SCHOOL",362364003297,"PORTVILLE CENTRAL SCHOOL DISTRICT",3623640,"CATTARAUGUS COUNTY",36009,"Reported 7 categories",36,"1986-2010",NULL,"500 ELM ST","PORTVILLE","NY ",14770,9791,"500 ELM ST","PORTVILLE","NY ",14770,9791,7169336001,"1-Regular school","1-Local school district","1-Currently operational ","2-No","2-No","2-No","41-Rural: Fringe","2-No","1-Yes","2-Eligible for Title I TAS provides TAS program","?",36460,"Buffalo-Niagara-Cattaraugus, NY",160,42.034379,-78.331437,42901040001,42901040000,3629,"2-No","?",NULL,NULL,NULL,NULL,NULL,NULL,NULL,NULL,NULL,NULL,NULL,NULL,NULL,NULL,NULL,NULL
2902,"PORTVILLE JUNIOR-SENIOR HIGH SCHOOL","New York","New York","NY ","PORTVILLE JUNIOR-SENIOR HIGH SCHOOL",362364003298,"PORTVILLE CENTRAL SCHOOL DISTRICT",3623640,"CATTARAUGUS COUNTY",36009,"Reported 7 categories",36,"1986-2010",NULL,"500 ELM ST","PORTVILLE","NY ",14770,9791,"500 ELM ST","PORTVILLE","NY ",14770,9791,7169336704,"1-Regular school","1-Local school district","1-Currently operational ","2-No","2-No","2-No","41-Rural: Fringe","2-No","1-Yes","2-Eligible for Title I TAS provides TAS program","?",36460,"Buffalo-Niagara-Cattaraugus, NY",160,42.034379,-78.331437,42901040002,42901040000,3629,"2-No","?",NULL,NULL,NULL,NULL,NULL,NULL,NULL,NULL,NULL,NULL,NULL,NULL,NULL,NULL,NULL,NULL
2923,"PROSPECT ELEMENTARY SCHOOL","New York","New York","NY ","PROSPECT ELEMENTARY SCHOOL",362544003518,"SALAMANCA CITY SCHOOL DISTRICT",3625440,"CATTARAUGUS COUNTY",36009,"Reported 7 categories",36,"1986-2010",NULL,"300 PROSPECT AVE","SALAMANCA","NY ",14779,1299,"300 PROSPECT AVE","SALAMANCA","NY ",14779,1299,7169455170,"1-Regular school","1-Local school district","1-Currently operational ","2-No","2-No","2-No","41-Rural: Fringe","1-Yes","1-Yes","5-Eligible for Title I SWP provides SWP program","?",36460,"Buffalo-Niagara-Cattaraugus, NY",160,42.162173,-78.692791,43200050004,43200050000,3629,"2-No","?",NULL,NULL,NULL,NULL,NULL,NULL,NULL,NULL,NULL,NULL,NULL,NULL,NULL,NULL,NULL,NULL
3727,"RANDOLPH ACADEMY","New York","New York","NY ","RANDOLPH ACADEMY",360744004507,"RANDOLPH ACADEMY UNION FREE SCHOOL DISTRICT",3607440,"CATTARAUGUS COUNTY",36009,"Reported 7 categories",36,"1986-2010",NULL,"336 MAIN ST","RANDOLPH","NY ",14772,9480,"336 MAIN ST","RANDOLPH","NY ",14772,9480,7163586866,"1-Regular school","1-Local school district","1-Currently operational ","2-No","2-No","2-No","42-Rural: Distant","?","2-No","6-Not eligible for either TAS or SWP","?",36460,"Buffalo-Niagara-Cattaraugus, NY",160,42.167248,-78.961205,43011020001,43011020000,3629,"2-No","?",NULL,NULL,NULL,NULL,NULL,NULL,NULL,NULL,NULL,NULL,NULL,NULL,NULL,NULL,NULL,NULL
3728,"RANDOLPH SENIOR HIGH SCHOOL","New York","New York","NY ","RANDOLPH SENIOR HIGH SCHOOL",362409003321,"RANDOLPH CENTRAL SCHOOL DISTRICT",3624090,"CATTARAUGUS COUNTY",36009,"Reported 7 categories",36,"1986-2010",NULL,"18 MAIN ST","RANDOLPH","NY ",14772,1188,"18 MAIN ST","RANDOLPH","NY ",14772,1188,7163587007,"1-Regular school","1-Local school district","1-Currently operational ","2-No","2-No","2-No","42-Rural: Distant","1-Yes","1-Yes","3-Eligible for Title I SWP provides TAS program","?",36460,"Buffalo-Niagara-Cattaraugus, NY",160,42.172628,-78.947378,43001040002,43001040000,3629,"2-No","?",NULL,NULL,NULL,NULL,NULL,NULL,NULL,NULL,NULL,NULL,NULL,NULL,NULL,NULL,NULL,NULL
3881,"SALAMANCA ALTERNATIVE SCHOOL","New York","New York","NY ","SALAMANCA ALTERNATIVE SCHOOL",362544004859,"SALAMANCA CITY SCHOOL DISTRICT",3625440,"CATTARAUGUS COUNTY",36009,"Reported 7 categories",36,"2001-2010","1986-2000","50 IROQUOIS DR","SALAMANCA","NY ",14779,NULL,"50 IROQUOIS DR","SALAMANCA","NY ",14779,NULL,7169456922,"4-Alternative/other school","1-Local school district","1-Currently operational ","2-No","2-No","2-No","32-Town: Distant","?","2-No","6-Not eligible for either TAS or SWP","?",36460,"Buffalo-Niagara-Cattaraugus, NY",160,42.161145,-78.736783,43200050007,43200050000,3629,"2-No","?",NULL,NULL,NULL,NULL,NULL,NULL,NULL,NULL,NULL,NULL,NULL,NULL,NULL,NULL,NULL,NULL
3882,"SALAMANCA HIGH SCHOOL","New York","New York","NY ","SALAMANCA HIGH SCHOOL",362544003519,"SALAMANCA CITY SCHOOL DISTRICT",3625440,"CATTARAUGUS COUNTY",36009,"Reported 7 categories",36,"1986-2010",NULL,"50 IROQUOIS DR","SALAMANCA","NY ",14779,1398,"50 IROQUOIS DR","SALAMANCA","NY ",14779,1398,7169452404,"1-Regular school","1-Local school district","1-Currently operational ","2-No","2-No","2-No","32-Town: Distant","1-Yes","1-Yes","5-Eligible for Title I SWP provides SWP program","?",36460,"Buffalo-Niagara-Cattaraugus, NY",160,42.161145,-78.736783,43200050002,43200050000,3629,"2-No","?",NULL,NULL,NULL,NULL,NULL,NULL,NULL,NULL,NULL,NULL,NULL,NULL,NULL,NULL,NULL,NULL
3883,"SALAMANCA MIDDLE SCHOOL","New York","New York","NY ","SALAMANCA MIDDLE SCHOOL",362544000049,"SALAMANCA CITY SCHOOL DISTRICT",3625440,"CATTARAUGUS COUNTY",36009,"Reported 7 categories",36,"1992-2010","1986-1991","50 IROQUOIS DR","SALAMANCA","NY ",14779,1398,"50 IROQUOIS DR","SALAMANCA","NY ",14779,1398,7169452405,"1-Regular school","1-Local school district","1-Currently operational ","2-No","2-No","2-No","32-Town: Distant","1-Yes","1-Yes","5-Eligible for Title I SWP provides SWP program","?",36460,"Buffalo-Niagara-Cattaraugus, NY",160,42.161145,-78.736783,43200050006,43200050000,3629,"2-No","?",NULL,NULL,NULL,NULL,NULL,NULL,NULL,NULL,NULL,NULL,NULL,NULL,NULL,NULL,NULL,NULL
4045,"SENECA ELEMENTARY SCHOOL","New York","New York","NY ","SENECA ELEMENTARY SCHOOL",362544003520,"SALAMANCA CITY SCHOOL DISTRICT",3625440,"CATTARAUGUS COUNTY",36009,"Reported 7 categories",36,"1986-2010",NULL,"25 CENTER ST","SALAMANCA","NY ",14779,1396,"25 CENTER ST","SALAMANCA","NY ",14779,1396,7169455140,"1-Regular school","1-Local school district","1-Currently operational ","2-No","2-No","2-No","32-Town: Distant","1-Yes","1-Yes","5-Eligible for Title I SWP provides SWP program","?",36460,"Buffalo-Niagara-Cattaraugus, NY",160,42.157029,-78.74142,43200050005,43200050000,3629,"2-No","?",NULL,NULL,NULL,NULL,NULL,NULL,NULL,NULL,NULL,NULL,NULL,NULL,NULL,NULL,NULL,NULL
4528,"WASHINGTON WEST ELEMENTARY SCHOOL","New York","New York","NY ","WASHINGTON WEST ELEMENTARY SCHOOL",362172003083,"OLEAN CITY SCHOOL DISTRICT",3621720,"CATTARAUGUS COUNTY",36009,"Reported 7 categories",36,"1986-2010",NULL,"1626 WASHINGTON ST","OLEAN","NY ",14760,1935,"1626 WASHINGTON ST","OLEAN","NY ",14760,1935,7163758960,"1-Regular school","1-Local school district","1-Currently operational ","2-No","2-No","2-No","33-Town: Remote","1-Yes","1-Yes","3-Eligible for Title I SWP provides TAS program","?",36460,"Buffalo-Niagara-Cattaraugus, NY",160,42.079837,-78.449444,42400010002,42400010000,3629,"2-No","?",NULL,NULL,NULL,NULL,NULL,NULL,NULL,NULL,NULL,NULL,NULL,NULL,NULL,NULL,NULL,NULL
4614,"WEST VALLEY CENTRAL SCHOOL","New York","New York","NY ","WEST VALLEY CENTRAL SCHOOL",363090004153,"WEST VALLEY CENTRAL SCHOOL DISTRICT",3630900,"CATTARAUGUS COUNTY",36009,"Reported 7 categories",36,"1986-2010",NULL,"5359 SCHOOL ST","WEST VALLEY","NY ",14171,290,"PO BOX 290","WEST VALLEY","NY ",14171,290,7169423293,"1-Regular school","1-Local school district","1-Currently operational ","2-No","2-No","2-No","42-Rural: Distant","2-No","1-Yes","2-Eligible for Title I TAS provides TAS program","?",36460,"Buffalo-Niagara-Cattaraugus, NY",160,42.40587,-78.609637,40204040001,40204040000,3629,"2-No","?",NULL,NULL,NULL,NULL,NULL,NULL,NULL,NULL,NULL,NULL,NULL,NULL,NULL,NULL,NULL,NULL
